recon_mode,cache_mode,requested_nb,actual_nb,ry,rx,max_order,status,raw_dataset_mib,vbf_stack_mib,raw_dataset_h2d_mean_s,raw_dataset_h2d_std_s,vbf_stack_h2d_mean_s,vbf_stack_h2d_std_s,solver_init_mean_s,solver_init_std_s,reconstruct_cold_s,reconstruct_warm_mean_s,reconstruct_warm_std_s,reconstruct_warm_min_s,reconstruct_warm_max_s,warmup_repeats,timing_repeats,transfer_repeats,init_repeats,chunk_size,peak_allocated_gib,peak_reserved_gib,device_name,error
acbf,on_the_fly,512,511,64,64,1,ok,9.0,7.984375,0.0011219608907898266,4.4807439852531994e-05,0.000976144957045714,8.04646407954227e-06,0.0028824424371123314,0.003421972861528855,0.08155378047376871,0.011428356481095156,0.0006809195599580994,0.010968468151986599,0.012210594490170479,1,3,3,3,64,0.03351593017578125,0.0546875,NVIDIA RTX 5000 Ada Generation,
acbf,on_the_fly,1024,1024,64,64,1,ok,16.0,16.0,0.002036586714287599,3.3098668621054506e-05,0.002016750474770864,2.4007512447921122e-05,0.0029079532250761986,0.003380887744576538,0.09965053852647543,0.02724243514239788,0.0006599370282298221,0.026786891743540764,0.027999240905046463,1,3,3,3,64,0.03353166580200195,0.0546875,NVIDIA RTX 5000 Ada Generation,
acbf,on_the_fly,2048,2047,64,64,1,ok,39.0625,31.984375,0.004284418188035488,1.340669978303441e-05,0.0035830304647485414,1.9271801358062243e-05,0.0030108982076247535,0.0035329365921766658,0.11776864714920521,0.054101464649041496,0.0007160325263437098,0.053553586825728416,0.0549116637557745,1,3,3,3,64,0.033571720123291016,0.0546875,NVIDIA RTX 5000 Ada Generation,
acbf,on_the_fly,4096,4096,64,64,1,ok,64.0,64.0,0.006783934310078621,5.759805705341318e-06,0.006753569779296716,1.792468633698505e-05,0.003154295807083448,0.003747300573557119,0.24253484047949314,0.16821342830856642,0.0016806828995797533,0.16641480196267366,0.16974393278360367,1,3,3,3,64,0.03363466262817383,0.0546875,NVIDIA RTX 5000 Ada Generation,
acbf,on_the_fly,512,511,128,128,1,ok,36.0,31.9375,0.004085088148713112,1.8568574427530515e-05,0.0036358103776971498,6.965353275385049e-06,0.0029552867636084557,0.0034678952877506743,0.1061247056350112,0.03873912710696459,0.0004966756214957494,0.0382387125864625,0.03923197742551565,1,3,3,3,64,0.10604095458984375,0.134765625,NVIDIA RTX 5000 Ada Generation,
acbf,on_the_fly,1024,1024,128,128,1,ok,64.0,64.0,0.006798895075917244,7.420884422693365e-05,0.006766519198815028,2.7499518002454538e-05,0.002801877446472645,0.003219830226429345,0.19566341768950224,0.11408483361204465,0.0014309636086152057,0.11243504751473665,0.11498916987329721,1,3,3,3,64,0.10605669021606445,0.134765625,NVIDIA RTX 5000 Ada Generation,
acbf,on_the_fly,2048,2047,128,128,1,ok,156.25,127.9375,0.016059707539776962,3.645283611506068e-05,0.013163687040408453,1.919888129382024e-05,0.0028529496242602668,0.0032383438382752013,0.21886374056339264,0.14881650172173977,0.0016888461225552918,0.14712878596037626,0.15050647594034672,1,3,3,3,64,0.10609674453735352,0.134765625,NVIDIA RTX 5000 Ada Generation,
acbf,on_the_fly,4096,4096,128,128,1,ok,256.0,256.0,0.026022195505599182,8.33522735639441e-05,0.02601835752526919,0.00011420956445000523,0.0028979297106464705,0.0033131201547024064,0.654014197178185,0.5793246245011687,0.0015512705281296823,0.577832049690187,0.5809285864233971,1,3,3,3,64,0.10615968704223633,0.134765625,NVIDIA RTX 5000 Ada Generation,
acbf,on_the_fly,512,511,256,256,1,ok,144.0,127.75,0.01470064806441466,5.567877433528196e-05,0.013100328234334787,1.2592032631078323e-05,0.002795145846903324,0.003232352201283401,0.22693434543907642,0.14900921502461037,0.001452573510061754,0.14737137220799923,0.15014130249619484,1,3,3,3,64,0.39980411529541016,0.521484375,NVIDIA RTX 5000 Ada Generation,
acbf,on_the_fly,1024,1024,256,256,1,ok,256.0,256.0,0.02654164656996727,9.21804258282684e-05,0.0265550147742033,0.0001371187668754474,0.0029227305203676224,0.0033803364570392375,0.5845897598192096,0.4986996402343114,0.001430462254746475,0.49763373378664255,0.5003253445029259,1,3,3,3,64,0.39981985092163086,0.521484375,NVIDIA RTX 5000 Ada Generation,
acbf,on_the_fly,2048,2047,256,256,1,ok,625.0,511.75,0.064876611965398,0.0012503370971801925,0.052647512406110764,0.00021627306651687077,0.0030038291588425636,0.0034523894795503336,0.7431611297652125,0.6668129743387302,0.003459607735379147,0.6632256405428052,0.670128864236176,1,3,3,3,64,0.3998599052429199,0.521484375,NVIDIA RTX 5000 Ada Generation,
acbf,on_the_fly,4096,4096,256,256,1,ok,1024.0,1024.0,0.1025453715895613,0.0001704386290894208,0.10277524373183648,0.0002224879500191446,0.0028849284475048385,0.003235020548235311,2.5951007241383195,2.497511677754422,0.014721013782108192,2.4816855443641543,2.5107967434450984,1,3,3,3,64,0.39992284774780273,0.521484375,NVIDIA RTX 5000 Ada Generation,
acbf,on_the_fly,512,511,64,64,2,ok,9.0,7.984375,0.0010766014456748962,4.76953850648462e-05,0.0009686776126424471,3.42167979102921e-05,0.0028303411478797593,0.0032674378030538957,0.08123446255922318,0.01225629479934772,0.0003046953328104277,0.011912004090845585,0.012491187080740929,1,3,3,3,64,0.04719066619873047,0.060546875,NVIDIA RTX 5000 Ada Generation,
acbf,on_the_fly,1024,1024,64,64,2,ok,16.0,16.0,0.002050518368681272,3.059729514722517e-05,0.0020142324889699617,1.9996225980475936e-05,0.0029795411974191666,0.003341595649460559,0.10225569643080235,0.03214621668060621,0.0007955219581988626,0.03132602199912071,0.03291452582925558,1,3,3,3,64,0.04720640182495117,0.060546875,NVIDIA RTX 5000 Ada Generation,
acbf,on_the_fly,2048,2047,64,64,2,ok,39.0625,31.984375,0.004283369518816471,2.9638663880572294e-05,0.003600709761182467,4.1588500376892036e-05,0.0029217442497611046,0.003345911407155336,0.1255073044449091,0.0610542477418979,0.0004940353721982139,0.060516306199133396,0.061487642116844654,1,3,3,3,64,0.047246456146240234,0.060546875,NVIDIA RTX 5000 Ada Generation,
acbf,on_the_fly,4096,4096,64,64,2,ok,64.0,64.0,0.006796482640008132,5.296988246022049e-05,0.006819421735902627,5.6645707943320107e-05,0.00295276070634524,0.003333209952070237,0.2497689388692379,0.17319686027864614,0.0025201306083541056,0.1708232956007123,0.1758416211232543,1,3,3,3,64,0.04730939865112305,0.060546875,NVIDIA RTX 5000 Ada Generation,
acbf,on_the_fly,512,511,128,128,2,ok,36.0,31.9375,0.004070617258548737,2.5494444957122238e-05,0.0036426372826099396,6.273671668041577e-06,0.002953615039587021,0.00330348426514767,0.10912603698670864,0.03893388466288646,0.0002814684969744308,0.03861699439585209,0.03915485925972462,1,3,3,3,64,0.16073131561279297,0.181640625,NVIDIA RTX 5000 Ada Generation,
acbf,on_the_fly,1024,1024,128,128,2,ok,64.0,64.0,0.006806155356268088,7.763179241478085e-05,0.006828635310133298,6.668968842859024e-05,0.0028937114402651787,0.0033010583623998965,0.20112140383571386,0.1187283465017875,0.0014803115764426725,0.11748581472784281,0.12036617938429117,1,3,3,3,64,0.16074705123901367,0.181640625,NVIDIA RTX 5000 Ada Generation,
acbf,on_the_fly,2048,2047,128,128,2,ok,156.25,127.9375,0.016282072911659878,0.0004376751215748631,0.013137317262589931,7.459779325505575e-05,0.002904150945444902,0.0032907675084620862,0.2329838890582323,0.15632031795879206,0.002230792735999396,0.15482694003731012,0.15888464357703924,1,3,3,3,64,0.16078710556030273,0.181640625,NVIDIA RTX 5000 Ada Generation,
acbf,on_the_fly,4096,4096,128,128,2,ok,256.0,256.0,0.02654214979459842,0.000192308600775581,0.026520395341018837,1.758031543060746e-05,0.00303650243828694,0.003382337347601745,0.6817173501476645,0.6084078773856163,0.0014654660751696562,0.6072220951318741,0.6100462498143315,1,3,3,3,64,0.16085004806518555,0.181640625,NVIDIA RTX 5000 Ada Generation,
acbf,on_the_fly,512,511,256,256,2,ok,144.0,127.75,0.015026252716779709,2.4406451127984087e-05,0.013457853347063065,5.845717950650297e-05,0.0028983562563856444,0.0033050398614423602,0.23952934704720974,0.15988027614851794,0.0019454712940924273,0.15817742329090834,0.16200059093534946,1,3,3,3,64,0.6185569763183594,0.740234375,NVIDIA RTX 5000 Ada Generation,
acbf,on_the_fly,1024,1024,256,256,2,ok,256.0,256.0,0.0265967200199763,7.398372288243073e-05,0.026591622581084568,0.00013216519938520743,0.0029656033342083297,0.0033094881246242235,0.5905098477378488,0.5047454917803407,0.0006786557089798375,0.5042474661022425,0.5055184811353683,1,3,3,3,64,0.6185727119445801,0.740234375,NVIDIA RTX 5000 Ada Generation,
acbf,on_the_fly,2048,2047,256,256,2,ok,625.0,511.75,0.06400967358301084,0.00010721980436312074,0.052536703956623874,0.00010242336252357304,0.0029404995342095694,0.0033241292872869723,0.7573007475584745,0.6729036420583725,0.0015753359950014662,0.6712583554908633,0.6743981912732124,1,3,3,3,64,0.6186127662658691,0.740234375,NVIDIA RTX 5000 Ada Generation,
acbf,on_the_fly,4096,4096,256,256,2,ok,1024.0,1024.0,0.10461770184338093,0.00026413628482593757,0.10486467213680346,5.895884596526869e-05,0.0030143409967422485,0.003333745203544017,2.8585543371737003,2.7691009625171623,0.0017148856994106828,2.767596434801817,2.770968183875084,1,3,3,3,64,0.618675708770752,0.740234375,NVIDIA RTX 5000 Ada Generation,
acbf,on_the_fly,512,511,64,64,3,ok,9.0,7.984375,0.0011081947013735771,3.288298549252227e-05,0.0009668109317620596,6.940316139532148e-06,0.0030659635861714682,0.003481612602701044,0.08742326311767101,0.014872039357821146,0.0003936359219343362,0.014575467444956303,0.01531862560659647,1,3,3,3,64,0.06281900405883789,0.08984375,NVIDIA RTX 5000 Ada Generation,
acbf,on_the_fly,1024,1024,64,64,3,ok,16.0,16.0,0.001996581753094991,2.290629728071787e-05,0.001971295103430748,3.158730270914485e-06,0.003100295551121235,0.003530417050361867,0.10420606099069118,0.0346607364093264,0.0004447784948970319,0.03424429055303335,0.03512926213443279,1,3,3,3,64,0.0628347396850586,0.08984375,NVIDIA RTX 5000 Ada Generation,
acbf,on_the_fly,2048,2047,64,64,3,ok,39.0625,31.984375,0.004372487775981426,2.487200531437336e-05,0.0036571196590860686,2.2598321297948014e-05,0.003117434990902742,0.0033900391780679697,0.1350352270528674,0.07026573177427053,0.000585473589137395,0.06978866830468178,0.07091909740120173,1,3,3,3,64,0.06287479400634766,0.08984375,NVIDIA RTX 5000 Ada Generation,
acbf,on_the_fly,4096,4096,64,64,3,ok,64.0,64.0,0.006981635155777137,9.87044708106963e-05,0.00690162709603707,1.3826077104685305e-05,0.003056236853202184,0.0033937305683367654,0.24044211022555828,0.166459608823061,0.000287174437033098,0.16623049974441528,0.1667817709967494,1,3,3,3,64,0.06293773651123047,0.08984375,NVIDIA RTX 5000 Ada Generation,
acbf,on_the_fly,512,511,128,128,3,ok,36.0,31.9375,0.004008801343540351,5.2421579057749306e-05,0.003567728524406751,3.4732447303027665e-05,0.0029533949370185533,0.0033577800531570078,0.1109758261591196,0.042972177267074585,0.0007226180063998998,0.04227394703775644,0.04371693450957537,1,3,3,3,64,0.2271409034729004,0.232421875,NVIDIA RTX 5000 Ada Generation,
acbf,on_the_fly,1024,1024,128,128,3,ok,64.0,64.0,0.006945909932255745,1.0119128609279065e-05,0.006887682403127353,3.874671674085003e-05,0.0029709752028187117,0.003234010518974116,0.20788667351007462,0.12697187066078186,0.001079291778862118,0.12576767802238464,0.12785201519727707,1,3,3,3,64,0.2271566390991211,0.232421875,NVIDIA RTX 5000 Ada Generation,
acbf,on_the_fly,2048,2047,128,128,3,ok,156.25,127.9375,0.01604457510014375,3.436005639295695e-05,0.01325586282958587,0.00014959612220440203,0.0030681580925981202,0.0032951556567992284,0.24428798258304596,0.1684646625071764,0.0007219538476751694,0.1676417663693428,0.16899164766073227,1,3,3,3,64,0.22719669342041016,0.232421875,NVIDIA RTX 5000 Ada Generation,
acbf,on_the_fly,4096,4096,128,128,3,ok,256.0,256.0,0.02653948465983073,2.477557264870256e-05,0.026451864279806614,8.01630904804002e-05,0.003163918231924375,0.003454716494741121,0.7041773181408644,0.6316408906131983,0.0018424216415676112,0.6300638541579247,0.633666031062603,1,3,3,3,64,0.22725963592529297,0.232421875,NVIDIA RTX 5000 Ada Generation,
acbf,on_the_fly,512,511,256,256,3,ok,144.0,127.75,0.015094311907887459,4.7474485976712e-05,0.013082275477548441,1.717890620175887e-05,0.0030764229595661163,0.0034830750072031113,0.23859532456845045,0.15617288028200468,0.00018413874798584154,0.1560267899185419,0.15637971740216017,1,3,3,3,64,0.8841853141784668,1.005859375,NVIDIA RTX 5000 Ada Generation,
acbf,on_the_fly,1024,1024,256,256,3,ok,256.0,256.0,0.02643507377554973,5.903524632121353e-05,0.026516643352806568,6.685552752770234e-05,0.003125386623044809,0.0034635638881818733,0.5982610573992133,0.507661247625947,0.004950753136561667,0.5021206103265285,0.5116505660116673,1,3,3,3,64,0.8842010498046875,1.005859375,NVIDIA RTX 5000 Ada Generation,
acbf,on_the_fly,2048,2047,256,256,3,ok,625.0,511.75,0.06413501407951117,0.00010959348501840671,0.05256375049551328,0.000128506984137286,0.0030568192402521768,0.0033778792025056727,0.7696962719783187,0.6885264792169133,0.0037102002800131614,0.6850085910409689,0.6924029532819986,1,3,3,3,64,0.8842411041259766,1.005859375,NVIDIA RTX 5000 Ada Generation,
acbf,on_the_fly,4096,4096,256,256,3,ok,1024.0,1024.0,0.10242389732350905,6.410158723196221e-05,0.10240532457828522,0.00011897964675425458,0.0030388571321964264,0.003257448761741636,2.8086543772369623,2.7221318567171693,0.0027905655323292857,2.7189863258972764,2.7243100004270673,1,3,3,3,64,0.8843040466308594,1.005859375,NVIDIA RTX 5000 Ada Generation,
acbf,on_the_fly,512,511,64,64,4,ok,9.0,7.984375,0.0011094389483332634,5.471335704243215e-05,0.0009728837758302689,5.252527134111103e-06,0.0031628978128234544,0.0034846151012793893,0.087669444270432,0.01759587787091732,0.00032259571917068347,0.01722337957471609,0.01778345461934805,1,3,3,3,64,0.08235454559326172,0.109375,NVIDIA RTX 5000 Ada Generation,
acbf,on_the_fly,1024,1024,64,64,4,ok,16.0,16.0,0.002030295319855213,5.7810013683322105e-05,0.0020248237997293472,5.292825166128853e-06,0.0030795068790515265,0.0032985011778849174,0.11023498047143221,0.041936793364584446,0.0008068403061785358,0.04103586543351412,0.042592776007950306,1,3,3,3,64,0.08237028121948242,0.109375,NVIDIA RTX 5000 Ada Generation,
acbf,on_the_fly,2048,2047,64,64,4,ok,39.0625,31.984375,0.004288362028698127,3.411227235361809e-05,0.003655098999540011,7.956148047639612e-05,0.003256887197494507,0.003554575418275482,0.14344192668795586,0.08079358655959368,0.0010179702804607347,0.07966498378664255,0.08164241444319487,1,3,3,3,64,0.08241033554077148,0.109375,NVIDIA RTX 5000 Ada Generation,
acbf,on_the_fly,4096,4096,64,64,4,ok,64.0,64.0,0.0067885204528768854,4.9452277178311865e-05,0.006796743720769882,4.690908040068743e-05,0.003135050026079019,0.003408429446842823,0.29571542982012033,0.22611628969510397,0.003579699792832677,0.22273005358874798,0.22986228484660387,1,3,3,3,64,0.0824732780456543,0.109375,NVIDIA RTX 5000 Ada Generation,
acbf,on_the_fly,512,511,128,128,4,ok,36.0,31.9375,0.004092794532577197,2.0243931795854863e-05,0.0036342858026425042,2.1122880174547032e-05,0.003084350066880385,0.003290269150850503,0.11194332595914602,0.047076405957341194,0.0007341988558054518,0.04662621580064297,0.047923630103468895,1,3,3,3,64,0.3052701950073242,0.369140625,NVIDIA RTX 5000 Ada Generation,
acbf,on_the_fly,1024,1024,128,128,4,ok,64.0,64.0,0.006962077071269353,6.628894599710366e-05,0.006929115081826846,3.4828295088965476e-05,0.003079549099008242,0.0033739513310131583,0.21128531638532877,0.12827213294804096,0.0015506330988552584,0.1269867643713951,0.129994323477149,1,3,3,3,64,0.3052859306335449,0.369140625,NVIDIA RTX 5000 Ada Generation,
acbf,on_the_fly,2048,2047,128,128,4,ok,156.25,127.9375,0.015939212093750637,4.1177606692638594e-05,0.013147948309779167,6.362007644455205e-05,0.0031031683708230653,0.003414033789911371,0.24946166202425957,0.1768078406651815,0.0007650195146797532,0.1761717889457941,0.17765674646943808,1,3,3,3,64,0.305325984954834,0.369140625,NVIDIA RTX 5000 Ada Generation,
acbf,on_the_fly,4096,4096,128,128,4,ok,256.0,256.0,0.02661736278484265,2.7382224675611835e-05,0.026592883591850597,5.1380038771857747e-05,0.003099694848060608,0.003273251610258709,0.718671846203506,0.6476319745803872,0.000495702802167,0.6472248956561089,0.6481839912012219,1,3,3,3,64,0.3053889274597168,0.369140625,NVIDIA RTX 5000 Ada Generation,
acbf,on_the_fly,512,511,256,256,4,ok,144.0,127.75,0.015030071139335632,2.4927478009856483e-05,0.013438543304800987,0.00012765880966363397,0.003110975337525209,0.0034567792732908245,0.25670909136533737,0.16832357024153075,0.0009568786348337448,0.16754291579127312,0.16939106117933989,1,3,3,3,64,1.1966896057128906,1.318359375,NVIDIA RTX 5000 Ada Generation,
acbf,on_the_fly,1024,1024,256,256,4,ok,256.0,256.0,0.02663476640979449,0.00021654603648336426,0.026509444539745648,0.00012387056939059502,0.0032110235964258513,0.003452415318618084,0.6041471213102341,0.5188714802886049,0.0006194791582166964,0.5182685079053044,0.5195062421262264,1,3,3,3,64,1.1967053413391113,1.318359375,NVIDIA RTX 5000 Ada Generation,
acbf,on_the_fly,2048,2047,256,256,4,ok,625.0,511.75,0.06286020204424858,0.00013097484204278994,0.0515633604178826,0.00013678877155087285,0.0031526554375886917,0.0034911723230606484,0.7710289163514972,0.6891724445546666,0.003907134173762947,0.6846613576635718,0.6914851609617472,1,3,3,3,64,1.1967453956604004,1.318359375,NVIDIA RTX 5000 Ada Generation,
acbf,on_the_fly,4096,4096,256,256,4,ok,1024.0,1024.0,0.10479537987460692,1.3696429902334391e-05,0.10466841980814934,0.00017623361393180747,0.0031568165868520737,0.0032598751842167497,2.724545362405479,2.6381164003784456,0.008836157949948678,2.627995055168867,2.6442935252562165,1,3,3,3,64,1.1968083381652832,1.318359375,NVIDIA RTX 5000 Ada Generation,
acbf,host,512,511,64,64,1,ok,9.0,7.984375,0.001074826034406821,4.660632622798954e-05,0.0009481233234206835,6.787596381709193e-06,0.0029218786706527076,0.0035096161838590193,0.0941522940993309,0.009010480095942816,0.00012327997052339262,0.008868884295225143,0.009093963541090488,1,3,3,3,64,0.03253936767578125,0.0546875,NVIDIA RTX 5000 Ada Generation,
acbf,host,1024,1024,64,64,1,ok,16.0,16.0,0.002029405596355597,2.982318266932248e-05,0.0020051120469967523,1.0231088909361477e-05,0.002893734723329544,0.0033628342464367507,0.12821706105023623,0.018064371620615322,0.00011094046628998653,0.017936662770807743,0.018136922270059586,1,3,3,3,64,0.03255510330200195,0.0546875,NVIDIA RTX 5000 Ada Generation,
acbf,host,2048,2047,64,64,1,ok,39.0625,31.984375,0.004379638781150182,3.472038326128264e-05,0.003671858770151933,1.1590896183157944e-05,0.0030325899521509805,0.0035551173095347355,0.16948605701327324,0.03762066767861446,0.0003239193380801422,0.0372469387948513,0.03782052360475063,1,3,3,3,64,0.032595157623291016,0.0546875,NVIDIA RTX 5000 Ada Generation,
acbf,host,4096,4096,64,64,1,ok,64.0,64.0,0.006779489417870839,1.6768540346153112e-05,0.006818384242554505,2.984305479168159e-05,0.0029630192245046296,0.0034206076050047555,0.40787302143871784,0.0734944607441624,0.0007565711916115111,0.07292042020708323,0.07435179501771927,1,3,3,3,64,0.03265810012817383,0.0546875,NVIDIA RTX 5000 Ada Generation,
acbf,host,512,511,128,128,1,ok,36.0,31.9375,0.004090994286040465,3.855469956580593e-05,0.0036360289280613265,2.19377127055555e-05,0.0028736603756745658,0.003325533955495156,0.1579697160050273,0.01801128312945366,0.00026666725958285776,0.01776961423456669,0.01829737052321434,1,3,3,3,64,0.10604095458984375,0.134765625,NVIDIA RTX 5000 Ada Generation,
acbf,host,1024,1024,128,128,1,ok,64.0,64.0,0.006911161045233409,1.2861416570216995e-05,0.006927202455699444,2.53079415435652e-05,0.002906405987838904,0.00329989644383199,0.3402134170755744,0.03611168793092171,0.00031501030917137866,0.035854462534189224,0.036463028751313686,1,3,3,3,64,0.10605669021606445,0.134765625,NVIDIA RTX 5000 Ada Generation,
acbf,host,2048,2047,128,128,1,ok,156.25,127.9375,0.01626220376541217,7.207534395951361e-05,0.01347069318095843,2.410530470520297e-05,0.0029819319024682045,0.0034056098807425943,0.510222464799881,0.07267929085840781,0.00016289905148544824,0.07256519608199596,0.07286584842950106,1,3,3,3,64,0.10609674453735352,0.134765625,NVIDIA RTX 5000 Ada Generation,
acbf,host,4096,4096,128,128,1,ok,256.0,256.0,0.026079381195207436,7.62257724209172e-05,0.02599214327832063,7.575578306853174e-05,0.002838777999083201,0.003227370347551219,1.2739545330405235,0.14203569696595272,0.001358611898792025,0.14112316630780697,0.14359708316624165,1,3,3,3,64,0.10615968704223633,0.134765625,NVIDIA RTX 5000 Ada Generation,
acbf,host,512,511,256,256,1,ok,144.0,127.75,0.015033088934918245,2.6113663090067228e-05,0.013514944662650427,7.63793748437596e-05,0.0029218727722764015,0.0033520302443594135,0.580860941670835,0.13616009118656316,0.0008412442377733788,0.13567294646054506,0.1371314749121666,1,3,3,3,64,0.39980411529541016,0.521484375,NVIDIA RTX 5000 Ada Generation,
acbf,host,1024,1024,256,256,1,ok,256.0,256.0,0.02595855916539828,9.245105499554445e-05,0.025973992732663948,6.626988427224763e-05,0.0027708783745765686,0.003204215883120304,1.2396780084818602,0.2859592655052741,0.0011937280853827775,0.2845912631601095,0.2867896016687155,1,3,3,3,64,0.39981985092163086,0.521484375,NVIDIA RTX 5000 Ada Generation,
acbf,host,2048,2047,256,256,1,ok,625.0,511.75,0.06418508818993966,3.9502591183130406e-05,0.0531217468281587,0.0008301797136071948,0.002913884508113066,0.0033400186719058636,2.145821513608098,0.569084977110227,0.0032298360174444463,0.5666345795616508,0.5727450279518962,1,3,3,3,64,0.3998599052429199,0.521484375,NVIDIA RTX 5000 Ada Generation,
acbf,host,4096,4096,256,256,1,ok,1024.0,1024.0,0.10262995896240075,9.009099528934805e-05,0.10279396114250024,0.0003948730416853409,0.003023675953348478,0.0034713041647155864,5.417670393362641,1.1489484819273155,0.0034046419374656484,1.1451942240819335,1.1518359314650297,1,3,3,3,64,0.39992284774780273,0.521484375,NVIDIA RTX 5000 Ada Generation,
acbf,host,512,511,64,64,2,ok,9.0,7.984375,0.001093664827446143,4.849712242974617e-05,0.0009531977896889051,1.0761348580026874e-05,0.0030591674149036407,0.003561405289784995,0.09615573287010193,0.010654125983516375,0.0002828992286859816,0.010475646704435349,0.010980306193232536,1,3,3,3,64,0.04804515838623047,0.060546875,NVIDIA RTX 5000 Ada Generation,
acbf,host,1024,1024,64,64,2,ok,16.0,16.0,0.002013967682917913,2.2538230328710437e-05,0.0019958081344763436,1.5644373416689942e-05,0.0029088122149308524,0.0032725526812098023,0.13175912108272314,0.02153914359708627,0.0006796993061211478,0.020918487571179867,0.02226550132036209,1,3,3,3,64,0.04806089401245117,0.060546875,NVIDIA RTX 5000 Ada Generation,
acbf,host,2048,2047,64,64,2,ok,39.0625,31.984375,0.004293147164086501,1.1648741156488884e-05,0.0036076788480083146,2.7758265557674416e-05,0.003008790003756682,0.003472055673928725,0.17348640318959951,0.04443141662826141,0.0005672408968608774,0.04405353404581547,0.04508367832750082,1,3,3,3,64,0.048100948333740234,0.060546875,NVIDIA RTX 5000 Ada Generation,
acbf,host,4096,4096,64,64,2,ok,64.0,64.0,0.006921786814928055,5.4447469617134855e-05,0.006921035548051198,3.347506025188737e-05,0.0029664213458697,0.0033008746254690794,0.4388201246038079,0.08919355273246765,0.0006312746846468074,0.08859342057257891,0.08985193260014057,1,3,3,3,64,0.04816389083862305,0.060546875,NVIDIA RTX 5000 Ada Generation,
acbf,host,512,511,128,128,2,ok,36.0,31.9375,0.004067367563645045,3.0537992839769846e-05,0.0036791044597824416,3.192719615847931e-05,0.0028650276362895966,0.0032183234222657167,0.15885858424007893,0.02014849738528331,0.00018804291248767288,0.019990287721157074,0.020356394350528717,1,3,3,3,64,0.16073131561279297,0.181640625,NVIDIA RTX 5000 Ada Generation,
acbf,host,1024,1024,128,128,2,ok,64.0,64.0,0.006823278963565826,6.695483479770874e-05,0.006809884371856849,4.788374245607659e-05,0.0028850588326652846,0.0032225519009032072,0.32069411408156157,0.03878635633736849,0.00030832793148928794,0.03844727575778961,0.03904988802969456,1,3,3,3,64,0.16074705123901367,0.181640625,NVIDIA RTX 5000 Ada Generation,
acbf,host,2048,2047,128,128,2,ok,156.25,127.9375,0.01629000063985586,7.533795333769328e-05,0.013485382000605265,7.231269007118813e-05,0.0028951304654280343,0.00321306133700583,0.5804998446255922,0.07980457972735167,0.00026260123182579944,0.07961135357618332,0.08010357152670622,1,3,3,3,64,0.16078710556030273,0.181640625,NVIDIA RTX 5000 Ada Generation,
acbf,host,4096,4096,128,128,2,ok,256.0,256.0,0.02652129561950763,6.127409170538256e-05,0.026469777648647625,5.989216033666819e-05,0.00296687800437212,0.003248153967654241,1.3613835303112864,0.16012385549644628,0.00028116865238724713,0.15983520820736885,0.16039689537137747,1,3,3,3,64,0.16085004806518555,0.181640625,NVIDIA RTX 5000 Ada Generation,
acbf,host,512,511,256,256,2,ok,144.0,127.75,0.014722802055378756,6.34908401317661e-05,0.01318091278274854,0.00018472469094608587,0.0028571470951040587,0.0032424251632034097,0.5732923150062561,0.14006056046734253,0.0008837730268256177,0.1390582136809826,0.14072765689343214,1,3,3,3,64,0.6185569763183594,0.740234375,NVIDIA RTX 5000 Ada Generation,
acbf,host,1024,1024,256,256,2,ok,256.0,256.0,0.026576387075086434,0.00010422972087681753,0.02653822551170985,0.00013426309781292093,0.002884505627055963,0.0032509861379044123,1.2596632922068238,0.2892238823696971,0.0007932811369494319,0.2886249516159296,0.29012356139719486,1,3,3,3,64,0.6185727119445801,0.740234375,NVIDIA RTX 5000 Ada Generation,
acbf,host,2048,2047,256,256,2,ok,625.0,511.75,0.06414802093058825,5.7041202773510464e-05,0.0526702223966519,0.0001886556215891549,0.0030274161448081336,0.003422263730230554,2.1509387884289026,0.5795024270191789,0.001196028935563964,0.5787443332374096,0.5808812016621232,1,3,3,3,64,0.6186127662658691,0.740234375,NVIDIA RTX 5000 Ada Generation,
acbf,host,4096,4096,256,256,2,ok,1024.0,1024.0,0.10478817764669657,0.0001981863980723115,0.10470125482728083,5.8981796302475764e-05,0.003080591559410095,0.0033735880321159343,5.578059553168714,1.162649794171254,0.0008393386851231776,1.161747076548636,1.1634066281840205,1,3,3,3,64,0.618675708770752,0.740234375,NVIDIA RTX 5000 Ada Generation,
acbf,host,512,511,64,64,3,ok,9.0,7.984375,0.0010806405916810036,4.3287132301304997e-05,0.0009508707250157992,7.066584089320174e-06,0.0029548034071922302,0.003312367816175813,0.09913867432624102,0.013011746108531952,0.00043127932405374615,0.012549635954201221,0.013403557240962982,1,3,3,3,64,0.06281900405883789,0.08984375,NVIDIA RTX 5000 Ada Generation,
acbf,host,1024,1024,64,64,3,ok,16.0,16.0,0.001993392283717791,2.035364354235701e-05,0.001972101628780365,1.8801994005296887e-05,0.0030848300084471703,0.0035191309635510884,0.1342882141470909,0.02660207326213519,0.00042200824600961825,0.026130851358175278,0.02694517094641924,1,3,3,3,64,0.0628347396850586,0.08984375,NVIDIA RTX 5000 Ada Generation,
acbf,host,2048,2047,64,64,3,ok,39.0625,31.984375,0.004292723412315051,4.64386464783032e-05,0.003587046948572,3.23446965401208e-05,0.0030581227814157805,0.0034442302239261645,0.18189575523138046,0.05161811411380768,0.0008553996058011294,0.05066799093037844,0.05232696607708931,1,3,3,3,64,0.06287479400634766,0.08984375,NVIDIA RTX 5000 Ada Generation,
acbf,host,4096,4096,64,64,3,ok,64.0,64.0,0.007039204239845276,0.00016220093237038515,0.006964384267727534,3.542428280616179e-05,0.0030383138606945672,0.0032231412816299924,0.41184963658452034,0.10825318874170382,0.0013166640472268793,0.10674172826111317,0.10915111470967531,1,3,3,3,64,0.06293773651123047,0.08984375,NVIDIA RTX 5000 Ada Generation,
acbf,host,512,511,128,128,3,ok,36.0,31.9375,0.004075160870949428,4.2008055357752934e-06,0.003673164794842402,6.656072352810255e-06,0.0029334034770727158,0.0032846735622872637,0.16746642161160707,0.022484118739763897,0.0005588990517584051,0.02183876559138298,0.022809558548033237,1,3,3,3,64,0.2271409034729004,0.232421875,NVIDIA RTX 5000 Ada Generation,
acbf,host,1024,1024,128,128,3,ok,64.0,64.0,0.006787069762746493,4.261304307934595e-06,0.006827034987509251,3.6526641528799615e-05,0.003087016132970651,0.003490337502638492,0.36281772516667843,0.04404114621380965,0.0005504617947416489,0.04340830538421869,0.04440897237509489,1,3,3,3,64,0.2271566390991211,0.232421875,NVIDIA RTX 5000 Ada Generation,
acbf,host,2048,2047,128,128,3,ok,156.25,127.9375,0.016048512421548367,7.671580637124574e-05,0.013140825554728508,6.0306476257525165e-05,0.002996619169910749,0.003300722244592227,0.5248594516888261,0.0880351544668277,0.0008530933542908495,0.08716756384819746,0.08887297101318836,1,3,3,3,64,0.22719669342041016,0.232421875,NVIDIA RTX 5000 Ada Generation,
acbf,host,4096,4096,128,128,3,ok,256.0,256.0,0.025993118683497112,7.432007177721847e-05,0.026031233991185825,7.295784454687495e-05,0.003122601347664992,0.0033882383150549322,1.3594199977815151,0.1811902690678835,0.002434845412214185,0.1790538439527154,0.18384127598255873,1,3,3,3,64,0.22725963592529297,0.232421875,NVIDIA RTX 5000 Ada Generation,
acbf,host,512,511,256,256,3,ok,144.0,127.75,0.015123972048362097,5.257019784857289e-05,0.013431386090815067,6.729733336013769e-05,0.0030556550870339074,0.0034099495279908414,0.5902024591341615,0.15042092744261026,0.002645372382579518,0.14747155643999577,0.15258401911705732,1,3,3,3,64,0.8841853141784668,1.005859375,NVIDIA RTX 5000 Ada Generation,
acbf,host,1024,1024,256,256,3,ok,256.0,256.0,0.026061286839346092,3.171894585813765e-05,0.026051932324965794,1.8610557123778324e-05,0.0030458380157748857,0.0034713405305284418,1.2546521741896868,0.29902940647055704,0.000970857715054341,0.2979376194998622,0.299795676022768,1,3,3,3,64,0.8842010498046875,1.005859375,NVIDIA RTX 5000 Ada Generation,
acbf,host,2048,2047,256,256,3,ok,625.0,511.75,0.06401899581154187,0.00012085976615334769,0.05248013325035572,5.31821024347695e-05,0.0030402212093273797,0.003269964770203946,2.1547905262559652,0.5919630161176125,0.0016887827790695354,0.5906749339774251,0.5938749769702554,1,3,3,3,64,0.8842411041259766,1.005859375,NVIDIA RTX 5000 Ada Generation,
acbf,host,4096,4096,256,256,3,ok,1024.0,1024.0,0.10478032846003771,0.00015954739773352912,0.10455921106040478,3.183232504432582e-05,0.0031481183444460234,0.0033846266703893126,5.427107863128185,1.1603969590117533,0.002465506561767926,1.1576999006792903,1.1625348739326,1,3,3,3,64,0.8843040466308594,1.005859375,NVIDIA RTX 5000 Ada Generation,
acbf,host,512,511,64,64,4,ok,9.0,7.984375,0.0011072074994444847,5.1871114280415174e-05,0.0009786539400617282,6.27668028069361e-06,0.003090950039525827,0.0033765708798176555,0.10154026094824076,0.01631298040350278,0.0002530826950801412,0.016095563769340515,0.01659079920500517,1,3,3,3,64,0.08235454559326172,0.109375,NVIDIA RTX 5000 Ada Generation,
acbf,host,1024,1024,64,64,4,ok,16.0,16.0,0.0019848144923647246,3.1832412759506664e-05,0.001974861448009809,5.0379140660449915e-06,0.003143573800722758,0.003542805279791737,0.13854377064853907,0.031378169233600296,0.0002737645860440666,0.031093182042241096,0.03163912706077099,1,3,3,3,64,0.08237028121948242,0.109375,NVIDIA RTX 5000 Ada Generation,
acbf,host,2048,2047,64,64,4,ok,39.0625,31.984375,0.004386612214148045,2.0733050130626083e-05,0.0036435586710770926,1.7539323893988042e-05,0.0031816850726803145,0.0034516758317233898,0.19310614094138145,0.06275598984211683,0.00040535214926193337,0.062288339249789715,0.06300677265971899,1,3,3,3,64,0.08241033554077148,0.109375,NVIDIA RTX 5000 Ada Generation,
acbf,host,4096,4096,64,64,4,ok,64.0,64.0,0.006912269629538059,3.743433532633342e-05,0.0068931203956405325,1.6756088567604043e-05,0.003181681347390016,0.0034788604098374026,0.4581388533115387,0.13133487260589996,0.00016898880106831798,0.1311621842905879,0.13149990141391754,1,3,3,3,64,0.0824732780456543,0.109375,NVIDIA RTX 5000 Ada Generation,
acbf,host,512,511,128,128,4,ok,36.0,31.9375,0.004071202750007312,4.8358346333775576e-05,0.0036702643459041915,1.2368176153526433e-05,0.003070100831488768,0.003390441702945125,0.16016646102070808,0.028781700568894546,0.0001667254518881221,0.02860561292618513,0.028937140479683876,1,3,3,3,64,0.3052701950073242,0.369140625,NVIDIA RTX 5000 Ada Generation,
acbf,host,1024,1024,128,128,4,ok,64.0,64.0,0.0068923234939575195,2.4309648425191674e-05,0.006928036920726299,3.997556716118425e-05,0.003259427845478058,0.003590475704576645,0.3545765532180667,0.05678499055405458,0.0002705153775207758,0.05650079343467951,0.057039350271224976,1,3,3,3,64,0.3052859306335449,0.369140625,NVIDIA RTX 5000 Ada Generation,
acbf,host,2048,2047,128,128,4,ok,156.25,127.9375,0.016052543185651302,6.136473370452977e-05,0.013201034938295683,6.39780848706936e-05,0.003156763811906179,0.003495498510442944,0.5933926925063133,0.11052404592434566,0.00030907618964932834,0.11031169630587101,0.11087863333523273,1,3,3,3,64,0.305325984954834,0.369140625,NVIDIA RTX 5000 Ada Generation,
acbf,host,4096,4096,128,128,4,ok,256.0,256.0,0.026053772618373234,4.8616159977453976e-05,0.025998042585949104,0.00012220574716371551,0.0032246451204021773,0.0035321473110574834,1.2848211349919438,0.21919713945438465,0.0005283640215188191,0.21863891556859016,0.21968946047127247,1,3,3,3,64,0.3053889274597168,0.369140625,NVIDIA RTX 5000 Ada Generation,
acbf,host,512,511,256,256,4,ok,144.0,127.75,0.01482123633225759,2.042962917985939e-05,0.013158120835820833,9.145121308840611e-05,0.0030800445626179376,0.003360620296934895,0.5790673708543181,0.15475746026883522,0.0029137503050967475,0.15235177148133516,0.15799732133746147,1,3,3,3,64,1.1966896057128906,1.318359375,NVIDIA RTX 5000 Ada Generation,
acbf,host,1024,1024,256,256,4,ok,256.0,256.0,0.026621954515576363,2.0287415041898433e-05,0.02650646896411975,6.89495589270822e-05,0.003220314159989357,0.003513404286567235,1.2831030646339059,0.3123040397961934,0.0017735264750061005,0.3107895767316222,0.3142550876364112,1,3,3,3,64,1.1967053413391113,1.318359375,NVIDIA RTX 5000 Ada Generation,
acbf,host,2048,2047,256,256,4,ok,625.0,511.75,0.06287299779554208,0.00015626997839975323,0.0515496755639712,0.00019101891272592714,0.0030627775316437087,0.003349847359040656,2.1794229643419385,0.6097933100536466,0.001232066794459735,0.6085425652563572,0.6110058082267642,1,3,3,3,64,1.1967453956604004,1.318359375,NVIDIA RTX 5000 Ada Generation,
acbf,host,4096,4096,256,256,4,ok,1024.0,1024.0,0.10465502521644036,0.0002713804348495761,0.1047674510627985,0.00017779054334766527,0.0031452374532818794,0.0033119070807430665,5.445494429208338,1.2108967145904899,0.0012056029525907214,1.2099937219172716,1.2122657792642713,1,3,3,3,64,1.1968083381652832,1.318359375,NVIDIA RTX 5000 Ada Generation,
acbf,device,512,511,64,64,1,ok,9.0,7.984375,0.0011150545130173366,4.1719582855019e-05,0.0009686235959331194,9.751901685371285e-06,0.008711371881266436,0.010718362677095942,0.07531250175088644,0.005599213453630607,7.427046923925865e-05,0.005524005740880966,0.005672509782016277,1,3,3,3,64,0.04699993133544922,0.0859375,NVIDIA RTX 5000 Ada Generation,
acbf,device,1024,1024,64,64,1,ok,16.0,16.0,0.002023357277115186,2.434216542154294e-05,0.002040503236154715,3.318905542312409e-05,0.010564900003373623,0.011281216049432746,0.07810749858617783,0.010321509093046188,0.0002648137729295886,0.010017095133662224,0.01049872487783432,1,3,3,3,64,0.0860896110534668,0.11328125,NVIDIA RTX 5000 Ada Generation,
acbf,device,2048,2047,64,64,1,ok,39.0625,31.984375,0.004397127156456311,1.4316953661059772e-05,0.0036738974352677665,3.669842226573137e-06,0.01402071863412857,0.011438046051263237,0.08431875612586737,0.020178726874291897,0.0005127220388440679,0.019756155088543892,0.020749120973050594,1,3,3,3,64,0.16424846649169922,0.19140625,NVIDIA RTX 5000 Ada Generation,
acbf,device,4096,4096,64,64,1,ok,64.0,64.0,0.006902293923000495,4.868403862360425e-05,0.006907556826869647,2.1154617891366068e-05,0.017823340681691963,0.010366781312137611,0.11031484790146351,0.04013515915721655,0.0009272757558285414,0.039112718775868416,0.04092170111835003,1,3,3,3,64,0.32054758071899414,0.34765625,NVIDIA RTX 5000 Ada Generation,
acbf,device,512,511,128,128,1,ok,36.0,31.9375,0.004086755216121674,5.622209155161343e-05,0.0036448522781332335,3.85269658796214e-06,0.013720991089940071,0.010973181097435718,0.0687390947714448,0.005903664976358414,3.7549379319594854e-05,0.00586050096899271,0.005928797647356987,1,3,3,3,64,0.16420269012451172,0.177734375,NVIDIA RTX 5000 Ada Generation,
acbf,device,1024,1024,128,128,1,ok,64.0,64.0,0.006801981168488662,3.90240659532083e-05,0.006759542040526867,6.694219584557906e-05,0.018036546806494396,0.011055264367355867,0.07952751684933901,0.011672547087073326,0.00014293729449872883,0.01151476800441742,0.011793393641710281,1,3,3,3,64,0.3204646110534668,0.333984375,NVIDIA RTX 5000 Ada Generation,
acbf,device,2048,2047,128,128,1,ok,156.25,127.9375,0.016335560008883476,0.0007400780210977709,0.013452180040379366,4.390800430231945e-05,0.0314849183584253,0.011342897873904785,0.09207352250814438,0.022599974336723488,0.0002642753810499223,0.02236576098948717,0.02288649044930935,1,3,3,3,64,0.6329984664916992,0.646484375,NVIDIA RTX 5000 Ada Generation,
acbf,device,4096,4096,128,128,1,ok,256.0,256.0,0.026700993068516254,0.0008340265541390675,0.026554457222421963,0.00010154807542915353,0.04672132401416699,0.011094858004560589,0.11537967715412378,0.04558546748012304,0.00032318820934879245,0.045229557901620865,0.04586061742156744,1,3,3,3,64,1.2580475807189941,1.271484375,NVIDIA RTX 5000 Ada Generation,
acbf,device,512,511,256,256,1,ok,144.0,127.75,0.015058672366042932,5.976649451741605e-05,0.013380181354780992,5.6324716251379765e-05,0.033511918038129807,0.015724821832215047,0.09579124487936497,0.031126018924017746,9.529014017432006e-05,0.031030751764774323,0.031221332028508186,1,3,3,3,64,0.6329536437988281,0.646484375,NVIDIA RTX 5000 Ada Generation,
acbf,device,1024,1024,256,256,1,ok,256.0,256.0,0.026129550921420257,5.9754958819142746e-05,0.02592437124500672,7.58345648354228e-06,0.048706223567326866,0.013228225482856456,0.1284414492547512,0.061746854024628796,0.0001997377887929724,0.061615307815372944,0.06197669077664614,1,3,3,3,64,1.2579655647277832,1.271484375,NVIDIA RTX 5000 Ada Generation,
acbf,device,2048,2047,256,256,1,ok,625.0,511.75,0.06414821060995261,0.00027261098845733823,0.052573738930126034,0.0001100576034249448,0.0961875980719924,0.011607593768700039,0.1913004769012332,0.12469651208569606,0.0001734486831005593,0.1245367368683219,0.12488098628818989,1,3,3,3,64,2.5079994201660156,2.521484375,NVIDIA RTX 5000 Ada Generation,
acbf,device,4096,4096,256,256,1,ok,1024.0,1024.0,0.10247454171379407,8.275379424036118e-05,0.10253401442120473,0.00011220092797380205,0.16775090185304484,0.0016441395772356091,0.3131680013611913,0.24422048466900984,0.00011688136169934804,0.24408555030822754,0.2442903583869338,1,3,3,3,64,5.0080485343933105,5.021484375,NVIDIA RTX 5000 Ada Generation,
acbf,device,512,511,64,64,2,ok,9.0,7.984375,0.0011060327912370365,4.249875377308988e-05,0.0009708429376284281,1.3120315931741915e-05,0.010539581378300985,0.013646472390343879,0.07646493893116713,0.007003570596377055,5.3929482975293966e-05,0.006952477619051933,0.007059947587549686,1,3,3,3,64,0.06171703338623047,0.091796875,NVIDIA RTX 5000 Ada Generation,
acbf,device,1024,1024,64,64,2,ok,16.0,16.0,0.002037272167702516,3.592744387672372e-05,0.002037196420133114,2.5892772520280537e-06,0.014240620968242487,0.01767405999763469,0.0800918098539114,0.013516287629803022,0.00013270558323605637,0.013405175879597664,0.013663229532539845,1,3,3,3,64,0.08609151840209961,0.119140625,NVIDIA RTX 5000 Ada Generation,
acbf,device,2048,2047,64,64,2,ok,39.0625,31.984375,0.004355190632243951,2.88349025020304e-05,0.0036427477995554605,5.294528809598543e-06,0.01781150046736002,0.017909807713829128,0.09152752254158258,0.028083435570200283,0.000163878478502361,0.02790029626339674,0.028216250240802765,1,3,3,3,64,0.16425037384033203,0.197265625,NVIDIA RTX 5000 Ada Generation,
acbf,device,4096,4096,64,64,2,ok,64.0,64.0,0.0069150784984230995,2.472398032676154e-05,0.006916557128230731,4.292226994981825e-05,0.02178931391487519,0.017194187577654806,0.12538464926183224,0.054114725751181446,0.0007470623787124896,0.053576539270579815,0.05496765859425068,1,3,3,3,64,0.32054948806762695,0.353515625,NVIDIA RTX 5000 Ada Generation,
acbf,device,512,511,128,128,2,ok,36.0,31.9375,0.004009329403440158,5.009990893173987e-05,0.003579351119697094,2.6929650236662714e-05,0.016484858468174934,0.015793546788595517,0.07217522710561752,0.009131834531823793,0.00010166176794120244,0.009047283791005611,0.00924463290721178,1,3,3,3,64,0.21541881561279297,0.224609375,NVIDIA RTX 5000 Ada Generation,
acbf,device,1024,1024,128,128,2,ok,64.0,64.0,0.006788600857059161,6.471349780468765e-05,0.006784655464192231,6.175377737949176e-05,0.020265497267246246,0.014560750431773836,0.08741464745253325,0.017971585194269817,0.00010165705147439105,0.01785650383681059,0.01804916001856327,1,3,3,3,64,0.3204665184020996,0.333984375,NVIDIA RTX 5000 Ada Generation,
acbf,device,2048,2047,128,128,2,ok,156.25,127.9375,0.01630566269159317,7.83256083709434e-05,0.013469426271816095,5.9817952019710935e-05,0.03072403185069561,0.010350949213341822,0.10519151762127876,0.03654973395168781,0.0003099748523869137,0.03629829455167055,0.03689606208354235,1,3,3,3,64,0.633000373840332,0.646484375,NVIDIA RTX 5000 Ada Generation,
acbf,device,4096,4096,128,128,2,ok,256.0,256.0,0.026111213800807793,0.00012875928346956308,0.02594658111532529,0.00011129616895753316,0.0461090508227547,0.01288833554197246,0.13908100221306086,0.06865506960699956,9.939952536297421e-05,0.06855805963277817,0.0687566976994276,1,3,3,3,64,1.258049488067627,1.271484375,NVIDIA RTX 5000 Ada Generation,
acbf,device,512,511,256,256,2,ok,144.0,127.75,0.014794748897353808,5.598140460241732e-05,0.01309791641930739,3.403966603403664e-05,0.030327167982856434,0.01045538992271215,0.11237169709056616,0.04856423878421386,0.00016532685413620904,0.04840449336916208,0.048734632320702076,1,3,3,3,64,0.8373069763183594,0.865234375,NVIDIA RTX 5000 Ada Generation,
acbf,device,1024,1024,256,256,2,ok,256.0,256.0,0.026009094280501206,3.551704355124453e-05,0.02597477287054062,8.005386136868904e-05,0.046122025698423386,0.010658350747157014,0.16141713596880436,0.09630562830716372,9.358148078713574e-05,0.09621807839721441,0.0964042553678155,1,3,3,3,64,1.257967472076416,1.271484375,NVIDIA RTX 5000 Ada Generation,
acbf,device,2048,2047,256,256,2,ok,625.0,511.75,0.06415699453403552,6.767022332577188e-05,0.05264227278530598,5.568227347659627e-05,0.09850860945880413,0.015205116658093168,0.2580182906240225,0.1956879630063971,0.00036345799273183014,0.19541815482079983,0.19610126316547394,1,3,3,3,64,2.5080013275146484,2.521484375,NVIDIA RTX 5000 Ada Generation,
acbf,device,4096,4096,256,256,2,ok,1024.0,1024.0,0.10465801352014144,6.484187871171404e-05,0.10458314915498097,0.0001727518595621171,0.16874545564254126,0.000886771891549772,0.4496458154171705,0.3841726208726565,9.940141235887102e-06,0.3841612618416548,0.3841797271743417,1,3,3,3,64,5.008050441741943,5.021484375,NVIDIA RTX 5000 Ada Generation,
acbf,device,512,511,64,64,3,ok,9.0,7.984375,0.0010886692131559055,4.547768946920242e-05,0.0009545994301637014,1.0809336167011972e-05,0.009014925298591455,0.011238196588644823,0.07745090033859015,0.009085475156704584,0.0002718588876747785,0.008927586488425732,0.009399388916790485,1,3,3,3,64,0.07649087905883789,0.09765625,NVIDIA RTX 5000 Ada Generation,
acbf,device,1024,1024,64,64,3,ok,16.0,16.0,0.002032690681517124,3.706259798260811e-05,0.0020142896100878716,2.586342781679291e-05,0.013272535676757494,0.015910377911844815,0.086729371920228,0.018996283411979675,0.000625306982046006,0.01846401672810316,0.019684942439198494,1,3,3,3,64,0.0921316146850586,0.125,NVIDIA RTX 5000 Ada Generation,
acbf,device,2048,2047,64,64,3,ok,39.0625,31.984375,0.004316927865147591,3.7954821982211676e-05,0.003581737168133259,2.6714542825970746e-05,0.016498162721594174,0.015361763777501333,0.10083802416920662,0.03695361750821272,0.0009574031607565746,0.03602181188762188,0.03793471399694681,1,3,3,3,64,0.16425275802612305,0.203125,NVIDIA RTX 5000 Ada Generation,
acbf,device,4096,4096,64,64,3,ok,64.0,64.0,0.006858890876173973,8.089575082603155e-05,0.0067860158160328865,7.361485197346498e-05,0.020810479298233986,0.015531773441771674,0.1468879720196128,0.07480523486932118,0.001538978305448396,0.07352240197360516,0.07651164382696152,1,3,3,3,64,0.32055187225341797,0.359375,NVIDIA RTX 5000 Ada Generation,
acbf,device,512,511,128,128,3,ok,36.0,31.9375,0.0040903280799587565,2.4885891172848115e-05,0.0036500332256158194,2.4079701867851498e-05,0.0136697959775726,0.010559479547148599,0.0768815353512764,0.015015750812987486,6.683605156049075e-05,0.014939375221729279,0.015063537284731865,1,3,3,3,64,0.2818284034729004,0.291015625,NVIDIA RTX 5000 Ada Generation,
acbf,device,1024,1024,128,128,3,ok,64.0,64.0,0.006937549449503422,1.5158539845510338e-05,0.006925834653278192,3.5461321546902336e-05,0.01834105917563041,0.010912165213690452,0.0976116843521595,0.030499307128290336,0.00034921173287711776,0.03011492732912302,0.030797033570706844,1,3,3,3,64,0.3443441390991211,0.380859375,NVIDIA RTX 5000 Ada Generation,
acbf,device,2048,2047,128,128,3,ok,156.25,127.9375,0.016012145516773064,0.00012090742609795415,0.013129364388684431,1.9888537679900157e-06,0.03157047461718321,0.00993774536590542,0.12922862265259027,0.05992776062339544,0.0004489925166928742,0.059425865299999714,0.06029126979410648,1,3,3,3,64,0.633002758026123,0.646484375,NVIDIA RTX 5000 Ada Generation,
acbf,device,4096,4096,128,128,3,ok,256.0,256.0,0.02662112843245268,7.385637964534955e-05,0.02653949645658334,6.803530382988833e-05,0.04551235338052114,0.01085898578131643,0.1901049828156829,0.11794946435838938,0.00015211996022407434,0.11781519372016191,0.11811467632651329,1,3,3,3,64,1.258051872253418,1.271484375,NVIDIA RTX 5000 Ada Generation,
acbf,device,512,511,256,256,3,ok,144.0,127.75,0.014719602031012377,7.0749317045448044e-06,0.01321168119708697,6.325933214825707e-05,0.03289914938310782,0.014889523669574535,0.1324302302673459,0.0700644018749396,0.00027728484968605116,0.06975910067558289,0.07030060049146414,1,3,3,3,64,1.1029353141784668,1.255859375,NVIDIA RTX 5000 Ada Generation,
acbf,device,1024,1024,256,256,3,ok,256.0,256.0,0.026015184509257477,0.00015736220804676257,0.025964208257695038,9.644467745026232e-05,0.048337772178153195,0.0125748853531279,0.20469970721751451,0.13844361808151007,0.00013386515056870916,0.1383030442520976,0.13856957480311394,1,3,3,3,64,1.3529510498046875,1.458984375,NVIDIA RTX 5000 Ada Generation,
acbf,device,2048,2047,256,256,3,ok,625.0,511.75,0.06272989138960838,0.00011889205719186214,0.051595765786866345,8.027702374988805e-05,0.0948221053307255,0.011137233686653501,0.3424352128058672,0.2816451151544849,0.0001338302889677392,0.28155310545116663,0.28179864306002855,1,3,3,3,64,2.5080037117004395,2.521484375,NVIDIA RTX 5000 Ada Generation,
acbf,device,4096,4096,256,256,3,ok,1024.0,1024.0,0.10475867055356503,8.210956102426354e-05,0.10470771882683039,7.349545251029822e-05,0.16997385832170644,0.005396159156251113,0.6113179232925177,0.5482797125975291,8.149176721637634e-05,0.5482219932600856,0.5483729327097535,1,3,3,3,64,5.008052825927734,5.021484375,NVIDIA RTX 5000 Ada Generation,
acbf,device,512,511,64,64,4,ok,9.0,7.984375,0.0011079472800095875,4.851885507824266e-05,0.0009666901702682177,8.70873013444359e-06,0.01049821792791287,0.013467186143203084,0.07908269017934799,0.011892949230968952,0.00048186953424243605,0.011607552878558636,0.012449301779270172,1,3,3,3,64,0.09602642059326172,0.123046875,NVIDIA RTX 5000 Ada Generation,
acbf,device,1024,1024,64,64,4,ok,16.0,16.0,0.0020435725649197898,2.4493355447806677e-05,0.0020281687999765077,1.090883461185546e-05,0.01225504900018374,0.013956253977172378,0.08868740312755108,0.02333372614036004,0.0005817471453285627,0.022677522152662277,0.02378623466938734,1,3,3,3,64,0.11166715621948242,0.150390625,NVIDIA RTX 5000 Ada Generation,
acbf,device,2048,2047,64,64,4,ok,39.0625,31.984375,0.004374790005385876,3.0688281940265e-05,0.003654864616692066,2.138481577759373e-05,0.013618910064299902,0.010253484023284305,0.11057244334369898,0.046541315813859306,0.00023892878320363166,0.04627262335270643,0.04672988597303629,1,3,3,3,64,0.16425561904907227,0.2109375,NVIDIA RTX 5000 Ada Generation,
acbf,device,4096,4096,64,64,4,ok,64.0,64.0,0.0069504839678605395,4.975267405090017e-05,0.006914122030138969,1.1942566605869262e-05,0.018562136838833492,0.011241607110457992,0.16815603245049715,0.0942164808511734,0.0008059458026799535,0.09359185118228197,0.09512622933834791,1,3,3,3,64,0.3205547332763672,0.3671875,NVIDIA RTX 5000 Ada Generation,
acbf,device,512,511,128,128,4,ok,36.0,31.9375,0.003973803482949734,3.602383687074488e-05,0.0035922148575385413,5.0017387656009336e-05,0.013535515405237675,0.010386128353591456,0.09081359300762415,0.02170840185135603,0.00025049091366274596,0.021471479907631874,0.021970552392303944,1,3,3,3,64,0.3599576950073242,0.427734375,NVIDIA RTX 5000 Ada Generation,
acbf,device,1024,1024,128,128,4,ok,64.0,64.0,0.006920952970782916,2.67761105742253e-05,0.006929154507815838,1.3624147931577803e-06,0.018811203849812348,0.01163547921229391,0.10904802195727825,0.04296858794987202,0.00033443519277412604,0.042604015208780766,0.04326115548610687,1,3,3,3,64,0.4224734306335449,0.474609375,NVIDIA RTX 5000 Ada Generation,
acbf,device,2048,2047,128,128,4,ok,156.25,127.9375,0.015975906513631344,5.097802260673043e-05,0.013206146967907747,2.1389214700746946e-05,0.03284091968089342,0.014189142423383544,0.15136422961950302,0.08408408084263404,0.0006294518474921306,0.08343623112887144,0.08469336107373238,1,3,3,3,64,0.6330056190490723,0.646484375,NVIDIA RTX 5000 Ada Generation,
acbf,device,4096,4096,128,128,4,ok,256.0,256.0,0.026505721112092335,3.994296120812607e-05,0.026530510745942593,0.00011506835337667601,0.04558917228132486,0.010859073933363203,0.23750654235482216,0.1689418482904633,0.0002340421922106516,0.16877253912389278,0.16920892149209976,1,3,3,3,64,1.2580547332763672,1.271484375,NVIDIA RTX 5000 Ada Generation,
acbf,device,512,511,256,256,4,ok,144.0,127.75,0.01504374947398901,4.782854358724594e-05,0.013393611957629522,3.997648753183052e-05,0.030908225414653618,0.01082014844072198,0.15303243603557348,0.09379808294276397,6.215611563841476e-05,0.09372731950134039,0.09384384658187628,1,3,3,3,64,1.4154396057128906,1.662109375,NVIDIA RTX 5000 Ada Generation,
acbf,device,1024,1024,256,256,4,ok,256.0,256.0,0.026533579143385094,4.995448076892807e-05,0.02650650559614102,8.796597394031563e-05,0.048046810242036976,0.01065723349189881,0.24433181434869766,0.1869947233547767,7.393509485945215e-05,0.1869412250816822,0.18707909062504768,1,3,3,3,64,1.6654553413391113,1.833984375,NVIDIA RTX 5000 Ada Generation,
acbf,device,2048,2047,256,256,4,ok,625.0,511.75,0.06283893498281638,0.00031013409799350046,0.051482905012865864,0.00012012300600260151,0.09423753805458546,0.010061892720976046,0.4362337002530694,0.3765099070345362,0.00034848763137192536,0.3761121276766062,0.3767614495009184,1,3,3,3,64,2.5080065727233887,2.521484375,NVIDIA RTX 5000 Ada Generation,
acbf,device,4096,4096,256,256,4,ok,1024.0,1024.0,0.10467816640933354,0.00021169040939174704,0.10466989098737638,0.00016336965245657487,0.17328125176330408,0.006419420944945606,0.8025402026250958,0.7418729367976388,0.0001644772864601166,0.7416943777352571,0.7420182544738054,1,3,3,3,64,5.008055686950684,5.021484375,NVIDIA RTX 5000 Ada Generation,
tcbf,on_the_fly,512,511,64,64,1,ok,9.0,7.984375,0.001098097302019596,5.109028707777263e-05,0.0009658318012952805,2.127959995270731e-06,0.0028872573748230934,0.003335484189380184,0.06086918618530035,0.00548536516726017,0.00012813219517023264,0.005396486259996891,0.005632241256535053,1,3,3,3,64,0.017776966094970703,0.0234375,NVIDIA RTX 5000 Ada Generation,
tcbf,on_the_fly,1024,1024,64,64,1,ok,16.0,16.0,0.0020441319793462753,2.7888168411883294e-05,0.002016832741598288,1.9919929474651024e-05,0.0028878310695290565,0.0032917487114229047,0.07305621821433306,0.017586649705966313,0.0005520828503608007,0.01709114294499159,0.018181750550866127,1,3,3,3,64,0.017800331115722656,0.0234375,NVIDIA RTX 5000 Ada Generation,
tcbf,on_the_fly,2048,2047,64,64,1,ok,39.0625,31.984375,0.0043374331047137575,8.912181187871625e-05,0.0036042251934607825,1.4411476860560853e-05,0.002832080858449141,0.003222476558016521,0.08634823001921177,0.03446819167584181,0.0013273067073980415,0.03307578805834055,0.03571905754506588,1,3,3,3,64,0.01785564422607422,0.0234375,NVIDIA RTX 5000 Ada Generation,
tcbf,on_the_fly,4096,4096,64,64,1,ok,64.0,64.0,0.006861782943209012,7.431248037691918e-05,0.006831742202242215,9.708714210577071e-05,0.003039431758224964,0.0035750146911991943,0.2004434959962964,0.12538508667300144,0.0003385357388352022,0.12506680376827717,0.12574076931923628,1,3,3,3,64,0.01794910430908203,0.0234375,NVIDIA RTX 5000 Ada Generation,
tcbf,on_the_fly,512,511,128,128,1,ok,36.0,31.9375,0.004003085816899936,2.3738211986711983e-05,0.00358595202366511,1.3590842067862693e-05,0.0028943692644437156,0.0034103198591286976,0.08369560446590185,0.03186772701640924,0.0004324309672106618,0.0313833924010396,0.032215068116784096,1,3,3,3,64,0.0472111701965332,0.060546875,NVIDIA RTX 5000 Ada Generation,
tcbf,on_the_fly,1024,1024,128,128,1,ok,64.0,64.0,0.00697449470559756,7.90684072553196e-05,0.006888909575839837,1.1220099676303757e-05,0.002820351471503576,0.003257064446796361,0.17524538096040487,0.10682923626154661,0.0016634864820707829,0.1050169775262475,0.1082867057994008,1,3,3,3,64,0.047234535217285156,0.060546875,NVIDIA RTX 5000 Ada Generation,
tcbf,on_the_fly,2048,2047,128,128,1,ok,156.25,127.9375,0.01639099946866433,0.0001263894305566288,0.013428058475255966,6.101129975515874e-05,0.002889060415327549,0.0033248723473541897,0.1938224220648408,0.13332611446579298,0.0008220445148013565,0.13281136564910412,0.13427416421473026,1,3,3,3,64,0.04728984832763672,0.060546875,NVIDIA RTX 5000 Ada Generation,
tcbf,on_the_fly,4096,4096,128,128,1,ok,256.0,256.0,0.025997665400306385,4.8370546459209215e-05,0.026081233906249206,0.00013586623148586894,0.002940051257610321,0.0032175150107625807,0.5795098999515176,0.5123005437975129,1.2557649736131698e-05,0.5122908996418118,0.5123147433623672,1,3,3,3,64,0.04738330841064453,0.060546875,NVIDIA RTX 5000 Ada Generation,
tcbf,on_the_fly,512,511,256,256,1,ok,144.0,127.75,0.01473744927595059,4.3364440199723095e-05,0.013181712788840136,0.00012353368204671695,0.0028168645997842154,0.0032281520884060656,0.20775126107037067,0.13974305397520462,0.00026380351690692927,0.13945724349468946,0.13997720927000046,1,3,3,3,64,0.1649489402770996,0.193359375,NVIDIA RTX 5000 Ada Generation,
tcbf,on_the_fly,1024,1024,256,256,1,ok,256.0,256.0,0.026494311168789864,5.7752315558161746e-05,0.026620120430986088,0.0001284604633830266,0.0028501851484179497,0.0032629377267194438,0.5563588719815016,0.48262991321583587,0.00021901316491758344,0.4824967794120312,0.4828826878219843,1,3,3,3,64,0.16497230529785156,0.193359375,NVIDIA RTX 5000 Ada Generation,
tcbf,on_the_fly,2048,2047,256,256,1,ok,625.0,511.75,0.06421367793033521,0.0011081537690534244,0.05249084501216809,5.769380084355571e-05,0.0028805152202645936,0.003223426073907671,0.7114118812605739,0.6368753667920828,0.0023472854581266665,0.6342040468007326,0.63860824983567,1,3,3,3,64,0.16502761840820312,0.193359375,NVIDIA RTX 5000 Ada Generation,
tcbf,on_the_fly,4096,4096,256,256,1,ok,1024.0,1024.0,0.10280298193295796,0.00018271745623774378,0.10245603912820418,0.00010343747424422659,0.002922190042833487,0.003302580601426562,2.6361704310402274,2.558216320350766,0.0025496201081072448,2.5552860321477056,2.5599276777356863,1,3,3,3,64,0.16512107849121094,0.193359375,NVIDIA RTX 5000 Ada Generation,
tcbf,on_the_fly,512,511,64,64,2,ok,9.0,7.984375,0.0011147201682130496,5.8317561538349976e-05,0.0009702543417612711,1.3703509046044592e-05,0.0029610528921087584,0.0033881897254700597,0.06646479573100805,0.005471887377401193,0.0015589998611542342,0.004525600001215935,0.00727126095443964,1,3,3,3,64,0.017794132232666016,0.0234375,NVIDIA RTX 5000 Ada Generation,
tcbf,on_the_fly,1024,1024,64,64,2,ok,16.0,16.0,0.001999395899474621,4.228347722304217e-05,0.001986818698545297,1.6049190670103375e-05,0.0029831224431594214,0.0034918259693767096,0.07610510848462582,0.017035165180762608,0.00022201031131102687,0.016832719556987286,0.01727258786559105,1,3,3,3,64,0.01783275604248047,0.0234375,NVIDIA RTX 5000 Ada Generation,
tcbf,on_the_fly,2048,2047,64,64,2,ok,39.0625,31.984375,0.004377339345713456,2.791994725560483e-05,0.0036441866929332414,1.1765908275361442e-05,0.0030188914388418198,0.0033699450431631042,0.09326769690960646,0.034831453114748,0.001243880075086353,0.03341610264033079,0.035750847309827805,1,3,3,3,64,0.01791858673095703,0.0234375,NVIDIA RTX 5000 Ada Generation,
tcbf,on_the_fly,4096,4096,64,64,2,ok,64.0,64.0,0.0068507445976138115,5.0285468310650964e-05,0.006796145501236121,6.305492407525975e-05,0.002989609415332476,0.003397215165370139,0.21374986320734024,0.12682877977689108,0.0010882590308284971,0.1256778258830309,0.1278410479426384,1,3,3,3,64,0.018073081970214844,0.0234375,NVIDIA RTX 5000 Ada Generation,
tcbf,on_the_fly,512,511,128,128,2,ok,36.0,31.9375,0.004007370211184025,7.45577943446925e-05,0.003571649082005024,6.072135552977199e-06,0.002847669025262197,0.0032607186126145916,0.08296571113169193,0.034924739661316075,0.0028197835539445423,0.031840392388403416,0.037370395846664906,1,3,3,3,64,0.047228336334228516,0.060546875,NVIDIA RTX 5000 Ada Generation,
tcbf,on_the_fly,1024,1024,128,128,2,ok,64.0,64.0,0.006932712470491727,8.217910254739335e-06,0.006912622290352981,4.4697835862548355e-05,0.0029685857395331063,0.003337552577651135,0.17901526484638453,0.10660605660329263,0.0007191677049562539,0.10616365261375904,0.10743587277829647,1,3,3,3,64,0.04726696014404297,0.060546875,NVIDIA RTX 5000 Ada Generation,
tcbf,on_the_fly,2048,2047,128,128,2,ok,156.25,127.9375,0.01634023990482092,2.6667915229082758e-05,0.01345951265345017,5.3111618523611574e-05,0.0029690247029066086,0.003277372389326906,0.20337194297462702,0.13232503272593021,0.0014658386596945012,0.13063305895775557,0.13321103900671005,1,3,3,3,64,0.04735279083251953,0.060546875,NVIDIA RTX 5000 Ada Generation,
tcbf,on_the_fly,4096,4096,128,128,2,ok,256.0,256.0,0.026039874491592247,5.40226506168573e-05,0.026024981401860714,9.829563535890845e-05,0.003024983840684096,0.003399152036285674,0.6116729900240898,0.5229234633346399,0.003777525281692967,0.5196971762925386,0.5270788501948118,1,3,3,3,64,0.047507286071777344,0.060546875,NVIDIA RTX 5000 Ada Generation,
tcbf,on_the_fly,512,511,256,256,2,ok,144.0,127.75,0.014823049927751223,8.81422501103603e-05,0.01308333749572436,5.396929857626318e-05,0.0029664421454072,0.0033814191346292436,0.20545029267668724,0.1409166824693481,0.0005383463759667816,0.1404168475419283,0.14148666337132454,1,3,3,3,64,0.16496610641479492,0.193359375,NVIDIA RTX 5000 Ada Generation,
tcbf,on_the_fly,1024,1024,256,256,2,ok,256.0,256.0,0.02606096708526214,0.0002059539602727165,0.025945527168611687,0.00010253397714262624,0.0029290554424126944,0.003327116628190655,0.5496062431484461,0.47071302713205415,0.0009465196991401609,0.469702479429543,0.4715788485482335,1,3,3,3,64,0.16500473022460938,0.193359375,NVIDIA RTX 5000 Ada Generation,
tcbf,on_the_fly,2048,2047,256,256,2,ok,625.0,511.75,0.0629537533968687,8.720159157143799e-05,0.0516433147713542,0.00021758364559479768,0.00307491235435009,0.0035319761528564246,0.7114846128970385,0.6251602744062742,0.004700280970703285,0.6197979440912604,0.6285671815276146,1,3,3,3,64,0.16509056091308594,0.193359375,NVIDIA RTX 5000 Ada Generation,
tcbf,on_the_fly,4096,4096,256,256,2,ok,1024.0,1024.0,0.10260825635244449,0.00023754052806227008,0.10260440098742644,0.0001831459410956775,0.0029703344528873763,0.0032867868612685095,2.667394989170134,2.567000093869865,0.0009358658232481908,2.5663950135931373,2.568078039214015,1,3,3,3,64,0.16524505615234375,0.193359375,NVIDIA RTX 5000 Ada Generation,
tcbf,on_the_fly,512,511,64,64,3,ok,9.0,7.984375,0.001107575682302316,4.2671662188686756e-05,0.0009751484418908755,4.2967881211007525e-06,0.003092920407652855,0.003497838815091927,0.06434838566929102,0.0057887183502316475,0.00021241921527556995,0.0055840350687503815,0.006008109077811241,1,3,3,3,64,0.01781177520751953,0.0234375,NVIDIA RTX 5000 Ada Generation,
tcbf,on_the_fly,1024,1024,64,64,3,ok,16.0,16.0,0.002058299258351326,4.326636181547692e-05,0.0020192799468835196,1.2757932845804656e-05,0.0030447645112872124,0.003342337557534266,0.08072705380618572,0.017388983629643917,0.00015430756266876974,0.017211290076375008,0.01748921349644661,1,3,3,3,64,0.017865657806396484,0.0234375,NVIDIA RTX 5000 Ada Generation,
tcbf,on_the_fly,2048,2047,64,64,3,ok,39.0625,31.984375,0.004411713841060798,1.9378646384575232e-05,0.003695721117158731,2.2050704429853815e-05,0.00311861839145422,0.003472158931478549,0.1017057066783309,0.035275608922044434,0.0005719523462096797,0.0347402049228549,0.03587817866355181,1,3,3,3,64,0.017982006072998047,0.0234375,NVIDIA RTX 5000 Ada Generation,
tcbf,on_the_fly,4096,4096,64,64,3,ok,64.0,64.0,0.006928354501724243,4.3175242399719464e-05,0.006921135510007541,3.989767832446377e-05,0.0031188915794094405,0.0034341600957274935,0.22491612937301397,0.12685538548976183,0.0012600463395028108,0.12545004580169916,0.12788437120616436,1,3,3,3,64,0.01819753646850586,0.0234375,NVIDIA RTX 5000 Ada Generation,
tcbf,on_the_fly,512,511,128,128,3,ok,36.0,31.9375,0.004086611482004325,1.926978247316494e-05,0.0036430504793922105,5.181942103687221e-06,0.0030448554704586663,0.003306754459812683,0.08453931659460068,0.03369301091879606,0.0006186513571966378,0.03313885163515806,0.03436048794537783,1,3,3,3,64,0.04724597930908203,0.060546875,NVIDIA RTX 5000 Ada Generation,
tcbf,on_the_fly,1024,1024,128,128,3,ok,64.0,64.0,0.006796034052968025,1.533025184447451e-05,0.006757120291392009,1.8822036521655648e-05,0.003005728436013063,0.0033438028759460565,0.18052069563418627,0.10330427965770166,0.0012732897978386345,0.10246153920888901,0.1047690138220787,1,3,3,3,64,0.047299861907958984,0.060546875,NVIDIA RTX 5000 Ada Generation,
tcbf,on_the_fly,2048,2047,128,128,3,ok,156.25,127.9375,0.016257811648150284,4.344087888350356e-05,0.013450797026356062,4.853316877767173e-05,0.0031178010006745658,0.003340928725490403,0.20803751610219479,0.13433334914346537,0.0012758549570800772,0.13287247717380524,0.13522869627922773,1,3,3,3,64,0.04741621017456055,0.060546875,NVIDIA RTX 5000 Ada Generation,
tcbf,on_the_fly,4096,4096,128,128,3,ok,256.0,256.0,0.025972653180360794,4.5889218049704514e-05,0.026118210206429165,0.00018380900574835023,0.0030378432323535285,0.0032248868953081516,0.6545476010069251,0.5516077792271972,0.0050052087008962895,0.5486343167722225,0.5573864802718163,1,3,3,3,64,0.04763174057006836,0.060546875,NVIDIA RTX 5000 Ada Generation,
tcbf,on_the_fly,512,511,256,256,3,ok,144.0,127.75,0.015172844752669334,3.937793978832341e-05,0.013417889053622881,4.845834238077155e-05,0.0029978680734833083,0.003342755397329195,0.21638441551476717,0.146102008720239,0.0011592835397116106,0.1450538905337453,0.1473471950739622,1,3,3,3,64,0.16498374938964844,0.193359375,NVIDIA RTX 5000 Ada Generation,
tcbf,on_the_fly,1024,1024,256,256,3,ok,256.0,256.0,0.02633743143330018,0.00045862651699462036,0.02597619655231635,7.61739876450922e-05,0.0030037695541977882,0.0033726362435446294,0.5629275571554899,0.4825180967648824,0.00043549001085196567,0.4820942608639598,0.48296437319368124,1,3,3,3,64,0.1650376319885254,0.193359375,NVIDIA RTX 5000 Ada Generation,
tcbf,on_the_fly,2048,2047,256,256,3,ok,625.0,511.75,0.06407031510025263,0.00019074096348526136,0.05251536797732115,5.089512052106465e-05,0.0031590980167190232,0.0034141788510274997,0.7339302971959114,0.6196092385798693,0.0011390926090028308,0.6187466811388731,0.6209004754200578,1,3,3,3,64,0.16515398025512695,0.193359375,NVIDIA RTX 5000 Ada Generation,
tcbf,on_the_fly,4096,4096,256,256,3,ok,1024.0,1024.0,0.102612914207081,0.00015054610239768415,0.10250309699525435,0.0001416915646091862,0.003280775621533394,0.0036708254398543252,2.6343019660562277,2.486289482563734,0.0020065338253936215,2.4841617150232196,2.4881474897265434,1,3,3,3,64,0.16536951065063477,0.193359375,NVIDIA RTX 5000 Ada Generation,
tcbf,on_the_fly,512,511,64,64,4,ok,9.0,7.984375,0.0010945151249567668,3.868791767107297e-05,0.000972560296456019,1.3600257299190002e-05,0.003170479399462541,0.003489626564636362,0.06546391546726227,0.005788610006372134,0.00015562555406460206,0.005611293949186802,0.005902538076043129,1,3,3,3,64,0.0178375244140625,0.0234375,NVIDIA RTX 5000 Ada Generation,
tcbf,on_the_fly,1024,1024,64,64,4,ok,16.0,16.0,0.002048636165757974,2.594914609133765e-05,0.0020341776932279267,1.0022933932357246e-05,0.003098146989941597,0.003399827609749165,0.08504747040569782,0.017194199686249096,0.0001358384827157627,0.017048312351107597,0.01731704082340002,1,3,3,3,64,0.017914295196533203,0.0234375,NVIDIA RTX 5000 Ada Generation,
tcbf,on_the_fly,2048,2047,64,64,4,ok,39.0625,31.984375,0.004390674953659375,2.086421029175555e-05,0.003654679904381434,9.209791742981423e-06,0.0031881105775634446,0.0034961774180523944,0.11508719343692064,0.03495423495769501,0.00028566823311008103,0.034722693264484406,0.0352734699845314,1,3,3,3,64,0.018076419830322266,0.0234375,NVIDIA RTX 5000 Ada Generation,
tcbf,on_the_fly,4096,4096,64,64,4,ok,64.0,64.0,0.006977253283063571,4.6120458946276496e-05,0.0069119154165188474,1.5363583235015244e-05,0.0031471140682697296,0.003305911463154157,0.250275656580925,0.12869087203095356,0.0010963494350847045,0.1277801813557744,0.12990777101367712,1,3,3,3,64,0.018383502960205078,0.0234375,NVIDIA RTX 5000 Ada Generation,
tcbf,on_the_fly,512,511,128,128,4,ok,36.0,31.9375,0.004067596668998401,4.70280343544159e-05,0.003634688754876455,1.9490507199781325e-05,0.0030272547155618668,0.0032814950980425968,0.08844011463224888,0.033115499652922153,0.0023478258978898102,0.031681439839303493,0.035824988037347794,1,3,3,3,64,0.047271728515625,0.060546875,NVIDIA RTX 5000 Ada Generation,
tcbf,on_the_fly,1024,1024,128,128,4,ok,64.0,64.0,0.006929041196902593,6.0081240450234786e-05,0.006922637422879537,4.0694680073409486e-05,0.003150602492193381,0.0035024580903348012,0.1912674056366086,0.10749597226579984,0.001759465598527804,0.10601102001965046,0.10943924263119698,1,3,3,3,64,0.0473484992980957,0.060546875,NVIDIA RTX 5000 Ada Generation,
tcbf,on_the_fly,2048,2047,128,128,4,ok,156.25,127.9375,0.016329381925364334,5.015762638796966e-05,0.013407532125711441,5.547245607432533e-05,0.003183299054702123,0.0034575816322420946,0.2185916332527995,0.1326598140100638,0.0006787249558540334,0.13218853995203972,0.133437754586339,1,3,3,3,64,0.047510623931884766,0.060546875,NVIDIA RTX 5000 Ada Generation,
tcbf,on_the_fly,4096,4096,128,128,4,ok,256.0,256.0,0.026519878456989925,4.552090472927381e-05,0.02646186916778485,6.018746180723777e-05,0.0030918875709176064,0.0033129531605281927,0.6695369631052017,0.5555170830339193,0.0004674252671234914,0.5550488866865635,0.5559837333858013,1,3,3,3,64,0.04781770706176758,0.060546875,NVIDIA RTX 5000 Ada Generation,
tcbf,on_the_fly,512,511,256,256,4,ok,144.0,127.75,0.015081789965430895,5.5136072999168744e-05,0.013444138380388418,0.0001026257483777008,0.0030410935481389365,0.00325864502794512,0.2187709892168641,0.1469265017658472,0.0014384602785007287,0.1457239119336009,0.14852001704275608,1,3,3,3,64,0.1650094985961914,0.193359375,NVIDIA RTX 5000 Ada Generation,
tcbf,on_the_fly,1024,1024,256,256,4,ok,256.0,256.0,0.02654501423239708,6.323246179207383e-05,0.026571634225547314,6.171527004745749e-05,0.003103467014928659,0.0032347703923116668,0.5690742246806622,0.4844573140144348,0.001187687061376721,0.4833148065954447,0.48568553663790226,1,3,3,3,64,0.1650862693786621,0.193359375,NVIDIA RTX 5000 Ada Generation,
tcbf,on_the_fly,2048,2047,256,256,4,ok,625.0,511.75,0.06369436718523502,0.0006010152721285173,0.051653772902985416,0.00029275960837961667,0.0031605114539464316,0.0034608091744689966,0.7352328142151237,0.6432406178986033,0.005945924416681373,0.6364092212170362,0.6472504809498787,1,3,3,3,64,0.16524839401245117,0.193359375,NVIDIA RTX 5000 Ada Generation,
tcbf,on_the_fly,4096,4096,256,256,4,ok,1024.0,1024.0,0.10263111970076959,0.00011344685478723962,0.10279029669860999,0.00016371900908804092,0.0031320766235391297,0.0033140750193759714,2.6498585222288966,2.5165551357592144,0.002250701014170995,2.5140243778005242,2.5183324748650193,1,3,3,3,64,0.16555547714233398,0.193359375,NVIDIA RTX 5000 Ada Generation,
tcbf,host,512,511,64,64,1,ok,9.0,7.984375,0.0010793923089901607,4.1031418983478724e-05,0.000962157112856706,1.965248124103848e-05,0.002875921626885732,0.0034154735773782112,0.07786400243639946,0.004232646276553472,0.00010006414581693543,0.004149750806391239,0.00434380117803812,1,3,3,3,64,0.017746448516845703,0.0234375,NVIDIA RTX 5000 Ada Generation,
tcbf,host,1024,1024,64,64,1,ok,16.0,16.0,0.002047250047326088,3.5943907976313606e-05,0.0020130394647518792,1.0751371108886223e-05,0.0028842619309822717,0.0033338496412713367,0.10153781156986952,0.008575312172373136,0.0002499265952093527,0.008332783356308937,0.008832031860947609,1,3,3,3,64,0.017769813537597656,0.0234375,NVIDIA RTX 5000 Ada Generation,
tcbf,host,2048,2047,64,64,1,ok,39.0625,31.984375,0.004283838905394077,3.4501572568194816e-05,0.0035846574852863946,2.6379186686606277e-05,0.002836700528860092,0.0032231620125224973,0.13906539510935545,0.016917003318667412,0.00011380185655390379,0.01679528597742319,0.017020751722157,1,3,3,3,64,0.01782512664794922,0.0234375,NVIDIA RTX 5000 Ada Generation,
tcbf,host,4096,4096,64,64,1,ok,64.0,64.0,0.006916229613125324,1.6082260107944748e-05,0.006920064178605874,3.1486386519615694e-05,0.0030799321830272675,0.0035149743457329424,0.30886747874319553,0.035161652291814484,0.00030622349926313935,0.03494677320122719,0.03551228530704975,1,3,3,3,64,0.01791858673095703,0.0234375,NVIDIA RTX 5000 Ada Generation,
tcbf,host,512,511,128,128,1,ok,36.0,31.9375,0.004058748483657837,2.871161296708226e-05,0.003657296299934387,7.337142655985752e-06,0.002992569158474604,0.0034882493139133963,0.13731717597693205,0.013103430469830831,0.00013149317715654307,0.012972072698175907,0.013235058635473251,1,3,3,3,64,0.0470890998840332,0.060546875,NVIDIA RTX 5000 Ada Generation,
tcbf,host,1024,1024,128,128,1,ok,64.0,64.0,0.0068135761345426244,2.5346221078980746e-05,0.006764102727174759,7.525060411110483e-06,0.0028118068973223367,0.0032552724237999778,0.2763868412002921,0.025481273730595905,0.00014795732024758935,0.02538214437663555,0.025651343166828156,1,3,3,3,64,0.047112464904785156,0.060546875,NVIDIA RTX 5000 Ada Generation,
tcbf,host,2048,2047,128,128,1,ok,156.25,127.9375,0.015964303786555927,4.264417103980085e-05,0.013120772937933603,4.2159342462200356e-05,0.0028846142813563347,0.003215082277349208,0.39316699281334877,0.051271346708138786,0.00013947132531420527,0.05111254192888737,0.051373944617807865,1,3,3,3,64,0.04716777801513672,0.060546875,NVIDIA RTX 5000 Ada Generation,
tcbf,host,4096,4096,128,128,1,ok,256.0,256.0,0.02651027465860049,4.1978152354519155e-05,0.0265348544344306,5.803388769984026e-05,0.00291644719739755,0.0033625167626432817,1.019353212788701,0.10563067688296239,0.00043895227049971,0.10536840464919806,0.10613743122667074,1,3,3,3,64,0.04726123809814453,0.060546875,NVIDIA RTX 5000 Ada Generation,
tcbf,host,512,511,256,256,1,ok,144.0,127.75,0.01506444439291954,3.379631242439251e-05,0.013383429187039534,6.127009286830858e-05,0.002934597432613373,0.003459477684821718,0.5631481809541583,0.1271709781140089,0.00025580931627585546,0.1269031846895814,0.1274128258228302,1,3,3,3,64,0.1644606590270996,0.193359375,NVIDIA RTX 5000 Ada Generation,
tcbf,host,1024,1024,256,256,1,ok,256.0,256.0,0.026038141921162605,3.9257819482240286e-05,0.025995721109211445,6.0400501795067606e-05,0.003046383149921894,0.0036974521106261267,1.206972612068057,0.2705002762377262,0.0017474981299413909,0.2685007946565747,0.27173518668860197,1,3,3,3,64,0.16448402404785156,0.193359375,NVIDIA RTX 5000 Ada Generation,
tcbf,host,2048,2047,256,256,1,ok,625.0,511.75,0.06263964033375184,6.534761928442123e-05,0.051311990867058434,8.637472891891794e-05,0.0028617937738696733,0.003313336365217937,2.0507963690906763,0.529632364710172,0.002285200355139926,0.5274619488045573,0.5320172309875488,1,3,3,3,64,0.16453933715820312,0.193359375,NVIDIA RTX 5000 Ada Generation,
tcbf,host,4096,4096,256,256,1,ok,1024.0,1024.0,0.10463147517293692,0.0001199412001619055,0.10497224517166615,0.0003362964387037716,0.002914851220945517,0.003254784505385811,5.50257402472198,1.1077860190222661,0.0038303336452160408,1.1037109224125743,1.1113124080002308,1,3,3,3,64,0.16463279724121094,0.193359375,NVIDIA RTX 5000 Ada Generation,
tcbf,host,512,511,64,64,2,ok,9.0,7.984375,0.001083457221587499,4.145126918466551e-05,0.0009540366008877754,5.168802029236105e-06,0.003012810212870439,0.0035146257925711883,0.0785965146496892,0.004080512560904026,5.1103662180272714e-05,0.004028851166367531,0.00413103960454464,1,3,3,3,64,0.017763614654541016,0.0234375,NVIDIA RTX 5000 Ada Generation,
tcbf,host,1024,1024,64,64,2,ok,16.0,16.0,0.0019763456657528877,3.638161672824198e-05,0.0019801234205563865,8.813989430325347e-06,0.0029130177572369576,0.0033468979760370747,0.10174108855426311,0.008462628660102686,0.0001456525843310076,0.008346296846866608,0.008625984191894531,1,3,3,3,64,0.01780223846435547,0.0234375,NVIDIA RTX 5000 Ada Generation,
tcbf,host,2048,2047,64,64,2,ok,39.0625,31.984375,0.0043993837510546046,3.5614339160915994e-05,0.0036562498038013778,1.5236287668884545e-05,0.002944823664923509,0.0033193931864804096,0.14550300035625696,0.017319596372544765,0.0002506653569723592,0.017135635018348694,0.017605101689696312,1,3,3,3,64,0.01788806915283203,0.0234375,NVIDIA RTX 5000 Ada Generation,
tcbf,host,4096,4096,64,64,2,ok,64.0,64.0,0.006772392739852269,4.8610397531595265e-05,0.006758247502148151,2.794739539301287e-05,0.0029529212042689323,0.0031789111043134216,0.2965704696252942,0.035782997185985245,0.00027276508104838725,0.03548515308648348,0.03602061793208122,1,3,3,3,64,0.018042564392089844,0.0234375,NVIDIA RTX 5000 Ada Generation,
tcbf,host,512,511,128,128,2,ok,36.0,31.9375,0.00408278622974952,4.085898161951243e-05,0.003660647508998712,7.855210171169287e-06,0.0030376693854729333,0.0034732259861030654,0.14474831707775593,0.013200389531751474,0.00016161185881778803,0.013035616837441921,0.013358643278479576,1,3,3,3,64,0.047106266021728516,0.060546875,NVIDIA RTX 5000 Ada Generation,
tcbf,host,1024,1024,128,128,2,ok,64.0,64.0,0.006773736638327439,2.379777819774217e-05,0.006859090179204941,4.569334436302002e-05,0.0031291659300525985,0.003730700489304461,0.28706539422273636,0.0257353438064456,0.00017649729821658016,0.025612246245145798,0.025937557220458984,1,3,3,3,64,0.04714488983154297,0.060546875,NVIDIA RTX 5000 Ada Generation,
tcbf,host,2048,2047,128,128,2,ok,156.25,127.9375,0.016084570127228897,4.881006349028489e-05,0.01322396844625473,5.685779814971398e-05,0.002978916590412458,0.003383455220246633,0.38817969989031553,0.05075479360918204,7.900627045856498e-05,0.05067332927137613,0.0508310878649354,1,3,3,3,64,0.04723072052001953,0.060546875,NVIDIA RTX 5000 Ada Generation,
tcbf,host,4096,4096,128,128,2,ok,256.0,256.0,0.026560595569511253,9.237134448238389e-05,0.02657888208826383,1.2922611390707746e-05,0.002961332599322001,0.003266493690385587,1.0153081510215998,0.1062809145078063,0.00020279492424287783,0.10613212268799543,0.10651190392673016,1,3,3,3,64,0.047385215759277344,0.060546875,NVIDIA RTX 5000 Ada Generation,
tcbf,host,512,511,256,256,2,ok,144.0,127.75,0.015109309616188208,0.00010801366781086657,0.013333575489620367,2.1352852552029954e-05,0.002894799535473188,0.003270367577162156,0.5576446931809187,0.1282833262036244,0.0014471013190150907,0.12664950639009476,0.1294036777690053,1,3,3,3,64,0.16447782516479492,0.193359375,NVIDIA RTX 5000 Ada Generation,
tcbf,host,1024,1024,256,256,2,ok,256.0,256.0,0.02602277851353089,4.439133875349043e-05,0.02596434640387694,3.4498485332859067e-05,0.0028746373330553374,0.003279898340360959,1.2448913818225265,0.27651095545540255,0.0019008477423498365,0.27500794641673565,0.27864771988242865,1,3,3,3,64,0.16451644897460938,0.193359375,NVIDIA RTX 5000 Ada Generation,
tcbf,host,2048,2047,256,256,2,ok,625.0,511.75,0.06423252013822396,2.605354220773707e-05,0.052537212458749614,9.973109070396926e-05,0.0030587632209062576,0.003488404498685657,2.102839828468859,0.5381209033851823,0.0015233165838551322,0.5363907814025879,0.5392607403919101,1,3,3,3,64,0.16460227966308594,0.193359375,NVIDIA RTX 5000 Ada Generation,
tcbf,host,4096,4096,256,256,2,ok,1024.0,1024.0,0.10482660060127576,9.944795976031063e-05,0.10502986268450816,0.0004026383018594236,0.0030310902123649917,0.0033105355945086843,5.341830370947719,1.1006711525842547,0.0037948604322940553,1.0963500048965216,1.1034615896642208,1,3,3,3,64,0.16475677490234375,0.193359375,NVIDIA RTX 5000 Ada Generation,
tcbf,host,512,511,64,64,3,ok,9.0,7.984375,0.0011102957651019096,3.94382176110914e-05,0.0009812597806255023,7.815987606438392e-06,0.003134804777801037,0.003629316462566947,0.0795861566439271,0.004347632949550946,0.00011049165002755961,0.004226513206958771,0.004442919045686722,1,3,3,3,64,0.01778125762939453,0.0234375,NVIDIA RTX 5000 Ada Generation,
tcbf,host,1024,1024,64,64,3,ok,16.0,16.0,0.00198336069782575,2.2826585787833186e-05,0.0019954011465112367,1.582524728135661e-05,0.003038835401336352,0.0035038360126217337,0.10519297793507576,0.008200937571624914,0.00012258064309573778,0.008077474310994148,0.00832261610776186,1,3,3,3,64,0.017835140228271484,0.0234375,NVIDIA RTX 5000 Ada Generation,
tcbf,host,2048,2047,64,64,3,ok,39.0625,31.984375,0.004403852547208468,2.7183712772566877e-05,0.0036388281732797623,9.313056849274392e-06,0.0030579430361588797,0.003399566946351595,0.15703491121530533,0.01728824246674776,0.00015948782129613704,0.017137590795755386,0.017455298453569412,1,3,3,3,64,0.017951488494873047,0.0234375,NVIDIA RTX 5000 Ada Generation,
tcbf,host,4096,4096,64,64,3,ok,64.0,64.0,0.006827755210300286,0.00010135964962494451,0.006803035736083984,5.1334600955357383e-05,0.0030501000583171844,0.0033205184191044453,0.3282513013109565,0.0344015508890152,0.0001964684022980271,0.03419007360935211,0.0345784081146121,1,3,3,3,64,0.01816701889038086,0.0234375,NVIDIA RTX 5000 Ada Generation,
tcbf,host,512,511,128,128,3,ok,36.0,31.9375,0.003978206465641658,2.7255104408380415e-05,0.003597114235162735,2.9397972033564133e-05,0.0030334992334246635,0.0033672748873821473,0.13624586537480354,0.012682667933404446,0.00010190511877207087,0.01257489062845707,0.012777455151081085,1,3,3,3,64,0.04712390899658203,0.060546875,NVIDIA RTX 5000 Ada Generation,
tcbf,host,1024,1024,128,128,3,ok,64.0,64.0,0.006952641221384208,5.353669857799556e-05,0.006920960110922654,2.2003079985103975e-05,0.002938497190674146,0.0032596165969435197,0.2994985803961754,0.026352001043657463,8.99960759555823e-05,0.02626248449087143,0.026442469097673893,1,3,3,3,64,0.047177791595458984,0.060546875,NVIDIA RTX 5000 Ada Generation,
tcbf,host,2048,2047,128,128,3,ok,156.25,127.9375,0.016373733679453533,2.3560698227887405e-05,0.013462397580345472,1.3238019711811526e-05,0.0031605002780755362,0.0035214367329351815,0.3982239905744791,0.052694822351137795,0.00013881830340538743,0.052542613819241524,0.052814457565546036,1,3,3,3,64,0.04729413986206055,0.060546875,NVIDIA RTX 5000 Ada Generation,
tcbf,host,4096,4096,128,128,3,ok,256.0,256.0,0.02672841151555379,0.00013106147980172065,0.026465830393135548,5.546494356360799e-05,0.0031353005518515906,0.003252634266642065,1.034452309831977,0.10572700419773658,0.0007352098692272765,0.10517815686762333,0.10656232759356499,1,3,3,3,64,0.04750967025756836,0.060546875,NVIDIA RTX 5000 Ada Generation,
tcbf,host,512,511,256,256,3,ok,144.0,127.75,0.01476141158491373,6.419106793564091e-05,0.013077758563061556,1.764406155150627e-05,0.0030119167640805244,0.003371489394456338,0.5444134678691626,0.12500691569099823,0.0004945909360853637,0.12449629511684179,0.12548374384641647,1,3,3,3,64,0.16449546813964844,0.193359375,NVIDIA RTX 5000 Ada Generation,
tcbf,host,1024,1024,256,256,3,ok,256.0,256.0,0.02650166830668847,5.120480927206972e-05,0.026571595730880897,0.00010001429603239068,0.0029795896261930466,0.0032003933949860744,1.2386648366227746,0.2782087214291096,0.0013402083900448626,0.2769431797787547,0.2796128299087286,1,3,3,3,64,0.1645493507385254,0.193359375,NVIDIA RTX 5000 Ada Generation,
tcbf,host,2048,2047,256,256,3,ok,625.0,511.75,0.06404790841042995,0.00013503108443459856,0.05267062441756328,0.00021836940519550204,0.003063798571626345,0.0034526136311452973,2.1108408691361547,0.5418278826400638,0.0023060007201810328,0.5396276926621795,0.5442268280312419,1,3,3,3,64,0.16466569900512695,0.193359375,NVIDIA RTX 5000 Ada Generation,
tcbf,host,4096,4096,256,256,3,ok,1024.0,1024.0,0.10464979987591505,0.00014464370079130326,0.10475524514913559,0.0002442971864680961,0.003060333120326201,0.0033371706046292915,5.3245757184922695,1.0977664872383077,0.0015861084576421585,1.0964551763609052,1.0995294312015176,1,3,3,3,64,0.16488122940063477,0.193359375,NVIDIA RTX 5000 Ada Generation,
tcbf,host,512,511,64,64,4,ok,9.0,7.984375,0.0010805611188213031,4.458223213617916e-05,0.0009495243430137634,6.715096166570553e-06,0.0030986194809277854,0.003455337521461264,0.0797929223626852,0.004166030635436376,0.00011660769969812978,0.004080403596162796,0.004298835061490536,1,3,3,3,64,0.0178070068359375,0.0234375,NVIDIA RTX 5000 Ada Generation,
tcbf,host,1024,1024,64,64,4,ok,16.0,16.0,0.0020463264857729277,4.197562514454127e-05,0.002027656572560469,2.4157772162198527e-05,0.003078830117980639,0.0033029283477533588,0.11518243048340082,0.008655978056291739,7.656824785355631e-05,0.008606971241533756,0.008744210936129093,1,3,3,3,64,0.017883777618408203,0.0234375,NVIDIA RTX 5000 Ada Generation,
tcbf,host,2048,2047,64,64,4,ok,39.0625,31.984375,0.004364834167063236,3.6983539804637494e-05,0.003672364167869091,9.170123902840203e-06,0.0030545989672342935,0.0033520527143886545,0.15658768452703953,0.017308141725758713,0.00016385527122404254,0.017183158546686172,0.017493649385869503,1,3,3,3,64,0.018045902252197266,0.0234375,NVIDIA RTX 5000 Ada Generation,
tcbf,host,4096,4096,64,64,4,ok,64.0,64.0,0.006823839619755745,8.497016456715703e-05,0.006749430981775125,5.437560356378746e-06,0.003035023187597593,0.003260448359204739,0.33345525711774826,0.033884042873978615,0.00011240097651450086,0.03375539928674698,0.03396326769143343,1,3,3,3,64,0.018352985382080078,0.0234375,NVIDIA RTX 5000 Ada Generation,
tcbf,host,512,511,128,128,4,ok,36.0,31.9375,0.003969654440879822,2.2406961100328468e-05,0.003551558901866277,3.393717269223727e-06,0.0029926871260007224,0.003294891512057293,0.14016545750200748,0.012992909799019495,2.7629087408358786e-05,0.012963601388037205,0.013018478639423847,1,3,3,3,64,0.047149658203125,0.060546875,NVIDIA RTX 5000 Ada Generation,
tcbf,host,1024,1024,128,128,4,ok,64.0,64.0,0.006920420254270236,3.5178794494153254e-05,0.006929299173255761,3.6748674880650037e-05,0.0031026294454932213,0.003318381123018255,0.30625120643526316,0.026591147917012375,0.00010073905295675554,0.02651319094002247,0.026704895310103893,1,3,3,3,64,0.0472264289855957,0.060546875,NVIDIA RTX 5000 Ada Generation,
tcbf,host,2048,2047,128,128,4,ok,156.25,127.9375,0.01632296573370695,2.182387047571777e-05,0.013470093409220377,2.709952130066953e-05,0.0031218224515517554,0.0033852684667166335,0.403967940248549,0.05310307970891396,0.00016048992554820648,0.05292743444442749,0.05324207432568073,1,3,3,3,64,0.047388553619384766,0.060546875,NVIDIA RTX 5000 Ada Generation,
tcbf,host,4096,4096,128,128,4,ok,256.0,256.0,0.0265989958619078,8.437548932141545e-05,0.02655479529251655,8.215196777162015e-05,0.0031603512664635978,0.003319312573947032,1.0864644488319755,0.10627968578288953,0.00018678537100794482,0.10613022744655609,0.10648908279836178,1,3,3,3,64,0.04769563674926758,0.060546875,NVIDIA RTX 5000 Ada Generation,
tcbf,host,512,511,256,256,4,ok,144.0,127.75,0.014814710554977259,7.699253830284098e-05,0.013096880788604418,7.202006960658627e-05,0.003050320160885652,0.0032397152489362555,0.5496434811502695,0.12564885492126146,0.0008619658550051852,0.12465574778616428,0.12620275653898716,1,3,3,3,64,0.1645212173461914,0.193359375,NVIDIA RTX 5000 Ada Generation,
tcbf,host,1024,1024,256,256,4,ok,256.0,256.0,0.026068637147545815,0.00024512947365695433,0.02597762333850066,0.00012178544576300775,0.003076897313197454,0.0033393014896728936,1.227677296847105,0.2712077197308342,0.0013090816195156709,0.2697804756462574,0.27235253248363733,1,3,3,3,64,0.1645979881286621,0.193359375,NVIDIA RTX 5000 Ada Generation,
tcbf,host,2048,2047,256,256,4,ok,625.0,511.75,0.06285555629680555,0.00020736704571109053,0.05174592975527048,0.0002521051977817654,0.003194796542326609,0.00350240095826708,2.127314847894013,0.5450596446171403,0.0011084934818786022,0.5438372930511832,0.545999682508409,1,3,3,3,64,0.16476011276245117,0.193359375,NVIDIA RTX 5000 Ada Generation,
tcbf,host,4096,4096,256,256,4,ok,1024.0,1024.0,0.10465520434081554,5.2357162351364415e-05,0.10471252320955197,0.00022687553513802067,0.003255372246106466,0.0034010211347984707,5.360766161233187,1.0739370118826628,0.0018960443953528775,1.0718338461592793,1.0755153819918633,1,3,3,3,64,0.16506719589233398,0.193359375,NVIDIA RTX 5000 Ada Generation,
tcbf,device,512,511,64,64,1,ok,9.0,7.984375,0.0011149967710177104,4.590492160028487e-05,0.0009750388562679291,9.067698077724118e-06,0.01154321680466334,0.015581996651781236,0.05288415867835283,0.0006920592859387398,1.5902432747755752e-05,0.00067924614995718,0.0007098568603396416,1,3,3,3,64,0.04699993133544922,0.07421875,NVIDIA RTX 5000 Ada Generation,
tcbf,device,1024,1024,64,64,1,ok,16.0,16.0,0.001981445588171482,3.055364106195306e-05,0.001970078175266584,9.60784716052304e-06,0.013871784632404646,0.017242145852368475,0.05216585099697113,0.0013649060080448787,1.2019220365853176e-05,0.0013532647863030434,0.001377270556986332,1,3,3,3,64,0.0860896110534668,0.1015625,NVIDIA RTX 5000 Ada Generation,
tcbf,device,2048,2047,64,64,1,ok,39.0625,31.984375,0.004371379812558492,5.7298321664309716e-05,0.003651921016474565,2.5680865116169767e-05,0.013597216457128525,0.010506883172464301,0.05320943333208561,0.0024149520322680473,1.181075504074456e-05,0.0024029258638620377,0.00242653489112854,1,3,3,3,64,0.16424846649169922,0.1796875,NVIDIA RTX 5000 Ada Generation,
tcbf,device,4096,4096,64,64,1,ok,64.0,64.0,0.006848171353340149,9.055466546205376e-05,0.006738593180974324,2.0701017445296002e-05,0.019868004756669205,0.014084143820447514,0.0686144744977355,0.004729481724401315,8.042246614807275e-05,0.004670572467148304,0.004821105860173702,1,3,3,3,64,0.32054758071899414,0.3359375,NVIDIA RTX 5000 Ada Generation,
tcbf,device,512,511,128,128,1,ok,36.0,31.9375,0.003997265050808589,1.0037844495408327e-05,0.003553206411500772,2.0921529526551044e-05,0.01520246546715498,0.013540724259965158,0.04592812433838844,0.0007663387805223465,1.0393918602543905e-05,0.0007566660642623901,0.0007773283869028091,1,3,3,3,64,0.16420269012451172,0.177734375,NVIDIA RTX 5000 Ada Generation,
tcbf,device,1024,1024,128,128,1,ok,64.0,64.0,0.006986203603446484,6.718760979335059e-05,0.006931006287535031,6.199071169006419e-05,0.01812741191436847,0.01101792997540048,0.056113433092832565,0.0013744663447141647,1.66134503930115e-05,0.001361653208732605,0.0013932371512055397,1,3,3,3,64,0.3204646110534668,0.333984375,NVIDIA RTX 5000 Ada Generation,
tcbf,device,2048,2047,128,128,1,ok,156.25,127.9375,0.016020919506748516,4.8475855224500965e-05,0.013154701329767704,4.531574905516982e-05,0.030697240494191647,0.010867702991643165,0.06158287450671196,0.0026099160313606262,1.0332663475537677e-05,0.0025986656546592712,0.0026189815253019333,1,3,3,3,64,0.6329984664916992,0.646484375,NVIDIA RTX 5000 Ada Generation,
tcbf,device,4096,4096,128,128,1,ok,256.0,256.0,0.0259747759749492,7.679589080336876e-05,0.025974565496047337,0.00016033555960514044,0.044423761467138924,0.009957430871035783,0.06886230409145355,0.005026484529177348,3.147588716532994e-05,0.004997735843062401,0.00506011676043272,1,3,3,3,64,1.2580475807189941,1.271484375,NVIDIA RTX 5000 Ada Generation,
tcbf,device,512,511,256,256,1,ok,144.0,127.75,0.015082014414171377,5.3160583168543104e-05,0.013462234288454056,3.0380221517378073e-05,0.033276320745547615,0.015865044749430554,0.06019647791981697,0.0037961136549711227,0.000518004322880943,0.0034924130886793137,0.004394229501485825,1,3,3,3,64,0.6329536437988281,0.646484375,NVIDIA RTX 5000 Ada Generation,
tcbf,device,1024,1024,256,256,1,ok,256.0,256.0,0.026208266926308472,0.00037510547935639776,0.02601010197152694,8.519640179057685e-05,0.04842770627389351,0.014581140484854678,0.058724451810121536,0.006820003812511762,1.5004737527512362e-05,0.006804746575653553,0.006834742613136768,1,3,3,3,64,1.2579655647277832,1.271484375,NVIDIA RTX 5000 Ada Generation,
tcbf,device,2048,2047,256,256,1,ok,625.0,511.75,0.06435871962457895,0.00027284692666852304,0.05265062674880028,0.00026697853352434267,0.09541695347676675,0.009717013060670044,0.07193348277360201,0.013399184060593447,1.700891685706007e-05,0.013380887918174267,0.013414516113698483,1,3,3,3,64,2.5079994201660156,2.521484375,NVIDIA RTX 5000 Ada Generation,
tcbf,device,4096,4096,256,256,1,ok,1024.0,1024.0,0.10480094918360312,0.00022126781707233203,0.10448182622591655,9.124541578363017e-06,0.1692879137893518,0.0014902815286539088,0.09470459632575512,0.02698614541441202,3.920031455190791e-05,0.026946965605020523,0.027025366201996803,1,3,3,3,64,5.0080485343933105,5.021484375,NVIDIA RTX 5000 Ada Generation,
tcbf,device,512,511,64,64,2,ok,9.0,7.984375,0.0011157166833678882,4.408707806496955e-05,0.0009791112194458644,1.7990823933565993e-05,0.012830197190244993,0.017639290536468358,0.052755619399249554,0.0007027809818585714,1.4037689337061345e-05,0.0006865775212645531,0.0007112603634595871,1,3,3,3,64,0.04700183868408203,0.07421875,NVIDIA RTX 5000 Ada Generation,
tcbf,device,1024,1024,64,64,2,ok,16.0,16.0,0.0020464795331160226,4.610014286543113e-05,0.002030307427048683,8.17603038580541e-06,0.010839274153113365,0.011461212662375412,0.058527654968202114,0.001334325410425663,1.3454158228189621e-05,0.0013190815225243568,0.0013445420190691948,1,3,3,3,64,0.08609151840209961,0.1015625,NVIDIA RTX 5000 Ada Generation,
tcbf,device,2048,2047,64,64,2,ok,39.0625,31.984375,0.004388943624993165,3.491840060891045e-05,0.0036345754439632096,6.628058228277543e-06,0.015357821869353453,0.013579206583049334,0.059584894217550755,0.002565009519457817,4.226949071350769e-05,0.0025265635922551155,0.0026102736592292786,1,3,3,3,64,0.16425037384033203,0.1796875,NVIDIA RTX 5000 Ada Generation,
tcbf,device,4096,4096,64,64,2,ok,64.0,64.0,0.006938344178100427,3.211735503715863e-05,0.006934540346264839,7.542171588031454e-06,0.022036947930852573,0.017474771365299773,0.08601914625614882,0.004764203292628129,0.00013685415918976597,0.0046692099422216415,0.004921067506074905,1,3,3,3,64,0.32054948806762695,0.3359375,NVIDIA RTX 5000 Ada Generation,
tcbf,device,512,511,128,128,2,ok,36.0,31.9375,0.004011053591966629,1.890313207144524e-05,0.003560111237068971,1.1309234144189919e-05,0.013246975839138031,0.01002427162693305,0.04839253984391689,0.0007684479157129923,1.014742325072125e-05,0.0007567713037133217,0.0007751304656267166,1,3,3,3,64,0.16420459747314453,0.177734375,NVIDIA RTX 5000 Ada Generation,
tcbf,device,1024,1024,128,128,2,ok,64.0,64.0,0.006951939004162948,4.249237333493622e-05,0.0069584787512818975,5.601762631373178e-06,0.01805268134921789,0.010568925651495585,0.06039754766970873,0.0013728222499291103,3.9343086903958956e-05,0.0013452069833874702,0.0014178697019815445,1,3,3,3,64,0.3204665184020996,0.333984375,NVIDIA RTX 5000 Ada Generation,
tcbf,device,2048,2047,128,128,2,ok,156.25,127.9375,0.01635850127786398,1.953144790490234e-05,0.013415677472949028,4.9858291569803745e-05,0.030821337054173153,0.01022578601545457,0.0664453711360693,0.002558537138005098,1.2066244904662713e-05,0.0025501269847154617,0.0025723623111844063,1,3,3,3,64,0.633000373840332,0.646484375,NVIDIA RTX 5000 Ada Generation,
tcbf,device,4096,4096,128,128,2,ok,256.0,256.0,0.025969302592178185,6.73813416765219e-05,0.025962618179619312,3.420736528092891e-05,0.04740692209452391,0.013383321690960527,0.08166573662310839,0.005152275164922078,7.15554909549131e-05,0.005103577859699726,0.00523443054407835,1,3,3,3,64,1.258049488067627,1.271484375,NVIDIA RTX 5000 Ada Generation,
tcbf,device,512,511,256,256,2,ok,144.0,127.75,0.015060056311388811,4.443233550476829e-05,0.013457785981396833,9.261265708758175e-05,0.030926023920377094,0.010998533036104877,0.05682685784995556,0.003485695148507754,1.1093370741859425e-05,0.003475821577012539,0.003497699275612831,1,3,3,3,64,0.6329555511474609,0.646484375,NVIDIA RTX 5000 Ada Generation,
tcbf,device,1024,1024,256,256,2,ok,256.0,256.0,0.026628378468255203,3.9467543480256153e-05,0.026502231135964394,5.983734872280199e-05,0.04920280755807956,0.013100293004190253,0.06340091302990913,0.006829984486103058,1.3063618032954898e-05,0.006814926862716675,0.006838293746113777,1,3,3,3,64,1.257967472076416,1.271484375,NVIDIA RTX 5000 Ada Generation,
tcbf,device,2048,2047,256,256,2,ok,625.0,511.75,0.06278137862682343,0.00011949305689724888,0.05159974843263626,0.00013598460711815747,0.09453642647713423,0.010379113756945004,0.07699032966047525,0.013393737375736237,1.3266722732122902e-05,0.0133838951587677,0.013408824801445007,1,3,3,3,64,2.5080013275146484,2.521484375,NVIDIA RTX 5000 Ada Generation,
tcbf,device,4096,4096,256,256,2,ok,1024.0,1024.0,0.10491467950244744,0.0006421914007492717,0.10450272634625435,7.66857779564654e-05,0.17033499013632536,0.00045158509053106074,0.1042732372879982,0.02694232078890006,0.00011344122550879373,0.02681628242135048,0.02703623753041029,1,3,3,3,64,5.008050441741943,5.021484375,NVIDIA RTX 5000 Ada Generation,
tcbf,device,512,511,64,64,3,ok,9.0,7.984375,0.0011122717211643855,3.5465071190879885e-05,0.0009804613267381985,5.539356540115865e-06,0.010635796623925367,0.013850195394887872,0.05698483809828758,0.0007199967900911967,2.5139183620638186e-05,0.0006947340443730354,0.0007450105622410774,1,3,3,3,64,0.04700422286987305,0.07421875,NVIDIA RTX 5000 Ada Generation,
tcbf,device,1024,1024,64,64,3,ok,16.0,16.0,0.0020489435022075972,3.786002222503345e-05,0.002088796036938826,9.142042351632149e-05,0.010173154373963674,0.01050259364572596,0.06196447741240263,0.0013138434539238613,4.831144524600524e-05,0.0012652594596147537,0.0013618776574730873,1,3,3,3,64,0.08609390258789062,0.1015625,NVIDIA RTX 5000 Ada Generation,
tcbf,device,2048,2047,64,64,3,ok,39.0625,31.984375,0.004309746747215589,5.581944431361098e-05,0.0035898654411236444,7.716669170383893e-06,0.01355661420772473,0.010385118037476722,0.06770733650773764,0.0025564031675457954,2.6764403614430628e-05,0.002526411786675453,0.0025778580456972122,1,3,3,3,64,0.16425275802612305,0.1796875,NVIDIA RTX 5000 Ada Generation,
tcbf,device,4096,4096,64,64,3,ok,64.0,64.0,0.006949340303738912,1.3790916392864607e-05,0.006911515258252621,2.643566927061341e-05,0.018388588912785053,0.011008241445906463,0.09793492779135704,0.0047485508645574255,3.583272098871652e-05,0.004723324440419674,0.004789566621184349,1,3,3,3,64,0.32055187225341797,0.3359375,NVIDIA RTX 5000 Ada Generation,
tcbf,device,512,511,128,128,3,ok,36.0,31.9375,0.004015168485542138,1.705658817450401e-05,0.0035569975152611732,1.3227825896070718e-05,0.014054352728029093,0.01137365985335719,0.04989784583449364,0.0007719856997330984,9.408661423280038e-06,0.0007636947557330132,0.0007822113111615181,1,3,3,3,64,0.16420698165893555,0.177734375,NVIDIA RTX 5000 Ada Generation,
tcbf,device,1024,1024,128,128,3,ok,64.0,64.0,0.006932005286216736,5.076511525990753e-05,0.006907821322480838,4.025493186445533e-05,0.018149312896033127,0.010647250210020422,0.062046730890870094,0.001399777519206206,1.0403123467492674e-05,0.001387949101626873,0.0014075059443712234,1,3,3,3,64,0.3204689025878906,0.333984375,NVIDIA RTX 5000 Ada Generation,
tcbf,device,2048,2047,128,128,3,ok,156.25,127.9375,0.0162523090839386,3.752446789204325e-05,0.013423268683254719,7.074185407932947e-05,0.030826387306054432,0.010220507668740862,0.07431996893137693,0.002607444922129313,3.988109227074022e-05,0.002577073872089386,0.0026526087895035744,1,3,3,3,64,0.633002758026123,0.646484375,NVIDIA RTX 5000 Ada Generation,
tcbf,device,4096,4096,128,128,3,ok,256.0,256.0,0.026082670005659263,0.00010627745082531843,0.02600830669204394,1.4943481929351009e-05,0.04905057853708664,0.016201577348386523,0.09909875970333815,0.005036369586984317,2.3438310906457383e-05,0.005018899217247963,0.005063005723059177,1,3,3,3,64,1.258051872253418,1.271484375,NVIDIA RTX 5000 Ada Generation,
tcbf,device,512,511,256,256,3,ok,144.0,127.75,0.014879291566709677,7.834538565061605e-05,0.01314586028456688,3.8314995244859954e-05,0.03198375211407741,0.013222981800976861,0.06105381902307272,0.003486277535557747,6.213401947851902e-06,0.003480491228401661,0.0034928442910313606,1,3,3,3,64,0.632957935333252,0.646484375,NVIDIA RTX 5000 Ada Generation,
tcbf,device,1024,1024,256,256,3,ok,256.0,256.0,0.026539442129433155,2.322566469094591e-05,0.0265368539839983,4.510350746115775e-05,0.04693086879948775,0.010541246908081251,0.06818168703466654,0.006847041038175424,1.3421880138919536e-05,0.006838534027338028,0.006862513720989227,1,3,3,3,64,1.257969856262207,1.271484375,NVIDIA RTX 5000 Ada Generation,
tcbf,device,2048,2047,256,256,3,ok,625.0,511.75,0.06414051322887342,0.00014418208370857194,0.05259473901242018,8.383003168789668e-05,0.09540771041065454,0.009433831586048796,0.08507223892956972,0.01343686847637097,2.3361593493620872e-05,0.013410036452114582,0.013452691957354546,1,3,3,3,64,2.5080037117004395,2.521484375,NVIDIA RTX 5000 Ada Generation,
tcbf,device,4096,4096,256,256,3,ok,1024.0,1024.0,0.102568662725389,0.00028804415775470914,0.10260790089766185,8.598728979711366e-05,0.16880308402081332,0.0030424120081315315,0.12041059508919716,0.027044839846591156,3.657008713473084e-05,0.02700599655508995,0.02707860618829727,1,3,3,3,64,5.008052825927734,5.021484375,NVIDIA RTX 5000 Ada Generation,
tcbf,device,512,511,64,64,4,ok,9.0,7.984375,0.001110412801305453,6.0537539619402785e-05,0.0009632296860218048,5.108413328641658e-06,0.009083525588115057,0.010867555757671407,0.06120759714394808,0.0007075943673650423,1.654600755594835e-05,0.0006886404007673264,0.0007191523909568787,1,3,3,3,64,0.047007083892822266,0.07421875,NVIDIA RTX 5000 Ada Generation,
tcbf,device,1024,1024,64,64,4,ok,16.0,16.0,0.002001681365072727,2.556816011509941e-05,0.0019736684237917266,1.525272801868932e-05,0.011077510503431162,0.011793844070976557,0.06452924758195877,0.0012906137853860855,2.0184650888386353e-05,0.0012686802074313164,0.0013084076344966888,1,3,3,3,64,0.08609676361083984,0.1015625,NVIDIA RTX 5000 Ada Generation,
tcbf,device,2048,2047,64,64,4,ok,39.0625,31.984375,0.004407348111271858,2.4651723650833292e-05,0.0036864678064982095,2.318142327673719e-05,0.013834260404109955,0.010618415534165683,0.07829135842621326,0.002498912625014782,5.713733976859703e-06,0.0024931542575359344,0.0025045806542038918,1,3,3,3,64,0.16425561904907227,0.1796875,NVIDIA RTX 5000 Ada Generation,
tcbf,device,4096,4096,64,64,4,ok,64.0,64.0,0.006957353403170903,2.4707283791714608e-05,0.006921807924906413,4.6340740360469105e-05,0.0182027081027627,0.010578752771095011,0.11847415193915367,0.0047798653443654375,5.4840102857461274e-05,0.004727312363684177,0.004836737178266048,1,3,3,3,64,0.3205547332763672,0.3359375,NVIDIA RTX 5000 Ada Generation,
tcbf,device,512,511,128,128,4,ok,36.0,31.9375,0.003995906872053941,2.4821105020094243e-05,0.003575881322224935,3.9287187946318846e-05,0.016322935310502846,0.01510634820689281,0.052676561288535595,0.0007758460318048795,1.2486970544388992e-05,0.000766439363360405,0.000790013000369072,1,3,3,3,64,0.16420984268188477,0.177734375,NVIDIA RTX 5000 Ada Generation,
tcbf,device,1024,1024,128,128,4,ok,64.0,64.0,0.006773786308864753,4.728455067476123e-05,0.006811449304223061,2.10911484625343e-05,0.017835469916462898,0.010277781882725554,0.06749964784830809,0.001368743988374869,9.128893631877542e-06,0.0013620974496006966,0.0013791527599096298,1,3,3,3,64,0.32047176361083984,0.333984375,NVIDIA RTX 5000 Ada Generation,
tcbf,device,2048,2047,128,128,4,ok,156.25,127.9375,0.016040208749473095,5.658490645797644e-05,0.013120767660439014,2.1005450051436175e-05,0.03503407910466194,0.017231126288644722,0.08454095758497715,0.0026570307090878487,4.08638242512471e-05,0.0026105688884854317,0.0026873908936977386,1,3,3,3,64,0.6330056190490723,0.646484375,NVIDIA RTX 5000 Ada Generation,
tcbf,device,4096,4096,128,128,4,ok,256.0,256.0,0.026536646609505016,8.836441256566415e-05,0.026451520311335724,5.093610181363858e-05,0.047933344108362995,0.012951383171555465,0.11756846960633993,0.005018894871075948,1.0804242534678468e-05,0.005006786435842514,0.005027551203966141,1,3,3,3,64,1.2580547332763672,1.271484375,NVIDIA RTX 5000 Ada Generation,
tcbf,device,512,511,256,256,4,ok,144.0,127.75,0.015071016115446886,2.1962188009995326e-05,0.013400274949769178,6.935373472870863e-05,0.03133437782526016,0.011541094883601808,0.06259120907634497,0.003501822240650654,9.926415014564482e-06,0.003493836149573326,0.0035129357129335403,1,3,3,3,64,0.6329607963562012,0.646484375,NVIDIA RTX 5000 Ada Generation,
tcbf,device,1024,1024,256,256,4,ok,256.0,256.0,0.026496556277076404,0.0001306761118529854,0.026552538387477398,7.137097002072656e-05,0.04996902899195751,0.0157846343926781,0.07343275845050812,0.006848297702769439,1.1675934375754755e-05,0.0068390024825930595,0.006861402653157711,1,3,3,3,64,1.2579727172851562,1.271484375,NVIDIA RTX 5000 Ada Generation,
tcbf,device,2048,2047,256,256,4,ok,625.0,511.75,0.06400189579774936,5.6356042232192644e-05,0.052584429581960045,0.00016992861346020266,0.09789315455903609,0.01386070521183526,0.09386966936290264,0.013409766368567944,1.45568490307068e-05,0.013399352319538593,0.013426399789750576,1,3,3,3,64,2.5080065727233887,2.521484375,NVIDIA RTX 5000 Ada Generation,
tcbf,device,4096,4096,256,256,4,ok,1024.0,1024.0,0.1046465669448177,4.989407928476023e-05,0.10472480269769828,0.00020871561375865932,0.1698811153570811,0.0010377419707108574,0.14150475524365902,0.027028328118224938,6.45594766575853e-05,0.02698847558349371,0.027102814055979252,1,3,3,3,64,5.008055686950684,5.021484375,NVIDIA RTX 5000 Ada Generation,
